\c :dbname
create extension if not exists pgcrypto;
insert into rcglavc."Logins"("id", "email", "password", "type") 
    values 
    (0, $$betro@example.com$$, crypt('dancingpaint', gen_salt('bf')), $$ADMIN$$ );
insert into rcglavc."Logins"("id", "email", "password", "type") 
    values 
    (1, $$Adriana.Heidenreich@example.com$$, crypt('dancingpaint', gen_salt('bf')), $$USER$$ );
insert into rcglavc."Logins"("id", "email", "password", "type") 
    values 
    (2, $$Felipa_OReilly@example.org$$, crypt('dancingpaint', gen_salt('bf')), $$USER$$ );
insert into rcglavc."Logins"("id", "email", "password", "type") 
    values 
    (3, $$Francis_Collier@example.com$$, crypt('dancingpaint', gen_salt('bf')), $$USER$$ );
insert into rcglavc."Logins"("id", "email", "password", "type") 
    values 
    (4, $$Madge_Hermann@example.org$$, crypt('dancingpaint', gen_salt('bf')), $$USER$$ );
insert into rcglavc."Logins"("id", "email", "password", "type") 
    values 
    (5, $$Kole_Raynor@example.net$$, crypt('dancingpaint', gen_salt('bf')), $$USER$$ );
insert into rcglavc."Logins"("id", "email", "password", "type") 
    values 
    (6, $$Lonzo.Mills80@example.com$$, crypt('dancingpaint', gen_salt('bf')), $$USER$$ );
insert into rcglavc."Logins"("id", "email", "password", "type") 
    values 
    (7, $$Monte25@example.net$$, crypt('dancingpaint', gen_salt('bf')), $$USER$$ );
insert into rcglavc."Logins"("id", "email", "password", "type") 
    values 
    (8, $$Elyse_Kassulke@example.org$$, crypt('dancingpaint', gen_salt('bf')), $$USER$$ );
insert into rcglavc."Logins"("id", "email", "password", "type") 
    values 
    (9, $$Demond62@example.net$$, crypt('dancingpaint', gen_salt('bf')), $$USER$$ );
insert into rcglavc."Logins"("id", "email", "password", "type") 
    values 
    (10, $$Dayton.Champlin@example.org$$, crypt('dancingpaint', gen_salt('bf')), $$USER$$ );insert into rcglavc."Logins"("id", "email", "password", "type") 
    values 
    (11, $$Madisen31@example.net$$, crypt('dancingpaint', gen_salt('bf')), $$USER$$ );
insert into rcglavc."Logins"("id", "email", "password", "type") 
    values 
    (12, $$Raymundo.Hodkiewicz1@example.net$$, crypt('dancingpaint', gen_salt('bf')), $$USER$$ );
insert into rcglavc."Logins"("id", "email", "password", "type") 
    values 
    (13, $$Annetta_Botsford76@example.com$$, crypt('dancingpaint', gen_salt('bf')), $$USER$$ );
insert into rcglavc."Logins"("id", "email", "password", "type") 
    values 
    (14, $$Keshawn25@example.net$$, crypt('dancingpaint', gen_salt('bf')), $$USER$$ );
insert into rcglavc."Logins"("id", "email", "password", "type") 
    values 
    (15, $$Mozell_Witting@example.com$$, crypt('dancingpaint', gen_salt('bf')), $$USER$$ );
insert into rcglavc."Logins"("id", "email", "password", "type") 
    values 
    (16, $$Delores27@example.org$$, crypt('dancingpaint', gen_salt('bf')), $$USER$$ );
insert into rcglavc."Logins"("id", "email", "password", "type") 
    values 
    (17, $$Bertram_Hand80@example.net$$, crypt('dancingpaint', gen_salt('bf')), $$USER$$ );
insert into rcglavc."Logins"("id", "email", "password", "type") 
    values 
    (18, $$Vito.Schmitt@example.com$$, crypt('dancingpaint', gen_salt('bf')), $$USER$$ );
insert into rcglavc."Logins"("id", "email", "password", "type") 
    values 
    (19, $$Edwin_Cormier9@example.net$$, crypt('dancingpaint', gen_salt('bf')), $$USER$$ );
insert into rcglavc."Logins"("id", "email", "password", "type") 
    values 
    (20, $$Carolyn.Parisian@example.org$$, crypt('dancingpaint', gen_salt('bf')), $$USER$$ );
insert into rcglavc."Logins"("id", "email", "password", "type") 
    values 
    (21, $$Marjolaine.Ortiz@example.net$$, crypt('dancingpaint', gen_salt('bf')), $$USER$$ );
insert into rcglavc."Logins"("id", "email", "password", "type") 
    values 
    (22, $$Monty_Kutch@example.org$$, crypt('dancingpaint', gen_salt('bf')), $$USER$$ );
insert into rcglavc."Logins"("id", "email", "password", "type") 
    values 
    (23, $$Abdul.Becker25@example.net$$, crypt('dancingpaint', gen_salt('bf')), $$USER$$ );
insert into rcglavc."Logins"("id", "email", "password", "type") 
    values 
    (24, $$Ron.Kris57@example.com$$, crypt('dancingpaint', gen_salt('bf')), $$USER$$ );
insert into rcglavc."Logins"("id", "email", "password", "type") 
    values 
    (25, $$Eulah.Wiegand68@example.org$$, crypt('dancingpaint', gen_salt('bf')), $$USER$$ );
insert into rcglavc."Logins"("id", "email", "password", "type") 
    values 
    (26, $$Myrtice15@example.net$$, crypt('dancingpaint', gen_salt('bf')), $$USER$$ );
insert into rcglavc."Logins"("id", "email", "password", "type") 
    values 
    (27, $$Efren.Mohr@example.org$$, crypt('dancingpaint', gen_salt('bf')), $$USER$$ );
insert into rcglavc."Logins"("id", "email", "password", "type") 
    values 
    (28, $$Loyce85@example.org$$, crypt('dancingpaint', gen_salt('bf')), $$USER$$ );
insert into rcglavc."Logins"("id", "email", "password", "type") 
    values 
    (29, $$Gabe30@example.com$$, crypt('dancingpaint', gen_salt('bf')), $$USER$$ );
insert into rcglavc."Logins"("id", "email", "password", "type") 
    values 
    (30, $$Magnolia33@example.com$$, crypt('dancingpaint', gen_salt('bf')), $$USER$$ );
insert into rcglavc."Logins"("id", "email", "password", "type") 
    values 
    (31, $$Arlo_Schulist@example.org$$, crypt('dancingpaint', gen_salt('bf')), $$USER$$ );
insert into rcglavc."Logins"("id", "email", "password", "type") 
    values 
    (32, $$Bernadette_Lakin@example.com$$, crypt('dancingpaint', gen_salt('bf')), $$USER$$ );
insert into rcglavc."Logins"("id", "email", "password", "type") 
    values 
    (33, $$Berta.Harris@example.org$$, crypt('dancingpaint', gen_salt('bf')), $$USER$$ );
insert into rcglavc."Logins"("id", "email", "password", "type") 
    values 
    (34, $$Annamae_Bins15@example.net$$, crypt('dancingpaint', gen_salt('bf')), $$USER$$ );
insert into rcglavc."Logins"("id", "email", "password", "type") 
    values 
    (35, $$Tanya49@example.com$$, crypt('dancingpaint', gen_salt('bf')), $$USER$$ );
insert into rcglavc."Logins"("id", "email", "password", "type") 
    values 
    (36, $$Jazmin_Hettinger72@example.org$$, crypt('dancingpaint', gen_salt('bf')), $$USER$$ );
insert into rcglavc."Logins"("id", "email", "password", "type") 
    values 
    (37, $$Arvilla.Quigley34@example.net$$, crypt('dancingpaint', gen_salt('bf')), $$USER$$ );
insert into rcglavc."Logins"("id", "email", "password", "type") 
    values 
    (38, $$Lorna_Kovacek@example.com$$, crypt('dancingpaint', gen_salt('bf')), $$USER$$ );
insert into rcglavc."Logins"("id", "email", "password", "type") 
    values 
    (39, $$Rachel_Oberbrunner24@example.org$$, crypt('dancingpaint', gen_salt('bf')), $$USER$$ );
insert into rcglavc."Logins"("id", "email", "password", "type") 
    values 
    (40, $$Pearl.Kreiger@example.org$$, crypt('dancingpaint', gen_salt('bf')), $$USER$$ );insert into 
    rcglavc."Users"("id", "login_id", "name", "address", "phone", 
        "allergies", "tshirt_size", "meal_pref", "emergency_contact_1", "emergency_contact_2", 
        "bio", "photo_url")
    values
    (0, 0, $$Betro$$, $$532 Josephine Creek Apt. 318$$, 
        $$(720) 997-6062 x70339$$, $$Nope!$$, $$XL$$, $$OMNIVORE$$, 
        $$Adell Purdy 1-589-645-0183 x30964$$, $$Otto Schiller 1-925-163-6143 x198$$, 
        $$Nisi magni ad eaque aut beatae earum. Ipsam rerum qui voluptatum excepturi et fuga voluptas modi. Sunt impedit officiis ut asperiores ipsum aut quos et. Accusamus tempore est aut laborum qui architecto est omnis. Inventore dolor accusantium porro ut omnis velit.$$, $$/images/fakeProfiles/babyb.png$$);
insert into 
    rcglavc."Users"("id", "login_id", "name", "address", "phone", 
        "allergies", "tshirt_size", "meal_pref", "emergency_contact_1", "emergency_contact_2", 
        "bio", "photo_url")
    values
    (1, 1, $$Adriana Heidenreich$$, $$136 Dare Lodge Apt. 303$$, 
        $$839-954-4948 x73432$$, $$None$$, $$L$$, $$OMNIVORE$$, 
        $$Dr. Jesse Mertz 1-450-537-2494$$, $$Art Reichel 1-558-529-6933 x85497$$, 
        $$Incidunt dolore nulla voluptatem voluptatem non. Libero dolor voluptatem iure. Ut soluta eligendi corporis quasi animi beatae nihil. Labore voluptatum quo maxime voluptatum velit et ut possimus. Voluptates provident accusamus labore. Animi illum placeat numquam rerum.$$, $$/images/fakeProfiles/pinto.png$$);
insert into 
    rcglavc."Users"("id", "login_id", "name", "address", "phone", 
        "allergies", "tshirt_size", "meal_pref", "emergency_contact_1", "emergency_contact_2", 
        "bio", "photo_url")
    values
    (2, 2, $$Felipa O'Reilly$$, $$231 Romaguera Plaza Apt. 278$$, 
        $$(613) 057-9545$$, $$$$, $$L$$, $$OMNIVORE$$, 
        $$Nicolette Aufderhar 056.493.3574 x39744$$, $$Norbert Kuhlman (219) 689-0734$$, 
        $$Ab inventore tempora sint non. Corrupti ipsam sit voluptatem temporibus ad nisi et. Ipsum cupiditate sed maxime quo eligendi ut est. Assumenda amet fuga tempora cumque vel magni natus asperiores eos. Dignissimos sit aut animi officiis eos ea.$$, $$/images/fakeProfiles/tigerface.png$$);
insert into 
    rcglavc."Users"("id", "login_id", "name", "address", "phone", 
        "allergies", "tshirt_size", "meal_pref", "emergency_contact_1", "emergency_contact_2", 
        "bio", "photo_url")
    values
    (3, 3, $$Francis Collier$$, $$342 Christ Mission Suite 631$$, 
        $$(089) 074-8242$$, $$Nope!$$, $$XS$$, $$VEGAN$$, 
        $$Adalberto Shields 1-672-451-3064$$, $$Eulah Lueilwitz V 1-146-464-6078 x85718$$, 
        $$Dolore omnis et quia similique veritatis voluptas id. Sequi quibusdam ea sunt aut. Ut repellendus delectus quo asperiores consequatur eaque aut ut nostrum. Et reprehenderit vitae architecto. Ut id minus consequatur expedita id. Et et nihil velit.$$, $$/images/fakeProfiles/tigerface.png$$);
insert into 
    rcglavc."Users"("id", "login_id", "name", "address", "phone", 
        "allergies", "tshirt_size", "meal_pref", "emergency_contact_1", "emergency_contact_2", 
        "bio", "photo_url")
    values
    (4, 4, $$Madge Hermann$$, $$1800 Roob Mountain Apt. 406$$, 
        $$315.004.2824$$, $$None$$, $$XL$$, $$VEGETARIAN$$, 
        $$Emile Auer 250-793-0350 x79481$$, $$Carlotta Rutherford V (278) 847-0459 x32902$$, 
        $$Consequatur laudantium consequatur voluptas. Aliquam dicta optio occaecati ut assumenda harum quis animi maxime. Doloremque nostrum nesciunt eos ut vel unde consequatur velit.$$, $$/images/fakeProfiles/tigercave.png$$);
insert into 
    rcglavc."Users"("id", "login_id", "name", "address", "phone", 
        "allergies", "tshirt_size", "meal_pref", "emergency_contact_1", "emergency_contact_2", 
        "bio", "photo_url")
    values
    (5, 5, $$Kole Raynor$$, $$5781 Kelton Estates Apt. 685$$, 
        $$1-079-100-3510 x2407$$, $$Nope!$$, $$S$$, $$VEGETARIAN$$, 
        $$Miss Ramiro Gislason (057) 701-8009 x37608$$, $$Virginia Kemmer II 288-944-5729 x9169$$, 
        $$Voluptatem illum dolore harum nesciunt. Repudiandae ullam ut laudantium neque cupiditate quia nulla aliquid. Voluptas voluptas ut eum quia voluptates aperiam.$$, $$/images/fakeProfiles/sidbed.png$$);
insert into 
    rcglavc."Users"("id", "login_id", "name", "address", "phone", 
        "allergies", "tshirt_size", "meal_pref", "emergency_contact_1", "emergency_contact_2", 
        "bio", "photo_url")
    values
    (6, 6, $$Lonzo Mills$$, $$7448 Wiegand Garden Apt. 303$$, 
        $$1-241-733-3377 x489$$, $$Gluten$$, $$M$$, $$OMNIVORE$$, 
        $$Ryan Gibson 828-172-8242 x169$$, $$Virginie Ernser 751.391.6587$$, 
        $$Corrupti rerum voluptates. Eligendi inventore officiis qui. Ipsa velit voluptatem ut est repellendus voluptatem ipsa dolorem rerum. Est qui dolore qui eligendi aut et vero distinctio voluptates.$$, $$/images/fakeProfiles/tigercave.png$$);
insert into 
    rcglavc."Users"("id", "login_id", "name", "address", "phone", 
        "allergies", "tshirt_size", "meal_pref", "emergency_contact_1", "emergency_contact_2", 
        "bio", "photo_url")
    values
    (7, 7, $$Monte Thompson$$, $$54974 Krystel Neck Apt. 273$$, 
        $$549-331-3541 x05657$$, $$None$$, $$M$$, $$VEGAN$$, 
        $$Jacinto Gusikowski 1-558-218-9194$$, $$Carmen McDermott Jr. 859.503.6388$$, 
        $$Id aut corporis vel. Et architecto unde aut ut. Corporis iure impedit reprehenderit qui dolorem voluptatem labore. Neque explicabo est laboriosam itaque dolore voluptatibus. Ab est mollitia minima velit dolor et dignissimos.$$, $$/images/fakeProfiles/tigerface.png$$);
insert into 
    rcglavc."Users"("id", "login_id", "name", "address", "phone", 
        "allergies", "tshirt_size", "meal_pref", "emergency_contact_1", "emergency_contact_2", 
        "bio", "photo_url")
    values
    (8, 8, $$Elyse Kassulke$$, $$396 Gulgowski Islands Apt. 423$$, 
        $$047-760-3358 x3573$$, $$Nope!$$, $$M$$, $$VEGAN$$, 
        $$Max White 484.673.3370$$, $$Jayson Davis 1-411-692-5609 x70978$$, 
        $$Rem natus maiores consequuntur eum. Nemo nihil iste maxime modi. Velit quo itaque expedita qui qui reprehenderit ducimus vel.$$, $$/images/fakeProfiles/babyb.png$$);
insert into 
    rcglavc."Users"("id", "login_id", "name", "address", "phone", 
        "allergies", "tshirt_size", "meal_pref", "emergency_contact_1", "emergency_contact_2", 
        "bio", "photo_url")
    values
    (9, 9, $$Demond Goodwin$$, $$54288 Colton Trail Apt. 016$$, 
        $$(127) 965-5896 x84429$$, $$Dairy$$, $$L$$, $$VEGAN$$, 
        $$Mervin Dach (140) 963-4449 x094$$, $$Ruby Connelly 903.643.9834 x942$$, 
        $$Dolore optio aliquam distinctio velit rerum repellat et dolor. Reprehenderit accusantium aut et. Saepe sapiente sit est temporibus ut. Repellendus ad tempora. Suscipit quia quia nostrum.$$, $$/images/fakeProfiles/babyb.png$$);
insert into 
    rcglavc."Users"("id", "login_id", "name", "address", "phone", 
        "allergies", "tshirt_size", "meal_pref", "emergency_contact_1", "emergency_contact_2", 
        "bio", "photo_url")
    values
    (10, 10, $$Dayton Champlin$$, $$3081 Parker Extensions Suite 897$$, 
        $$1-975-474-6781 x4399$$, $$Dairy$$, $$S$$, $$OMNIVORE$$, 
        $$Antone Pfannerstill 1-818-021-5865 x54172$$, $$Annabel Steuber (388) 750-3016 x646$$, 
        $$Et ipsam provident possimus sunt perspiciatis modi maxime. Et et tenetur omnis nobis nihil expedita et laboriosam recusandae. Sed vel occaecati molestiae animi aspernatur aliquid asperiores. Corrupti quia quos esse.$$, $$/images/fakeProfiles/cathead.png$$);insert into 
    rcglavc."Users"("id", "login_id", "name", "address", "phone", 
        "allergies", "tshirt_size", "meal_pref", "emergency_contact_1", "emergency_contact_2", 
        "bio", "photo_url")
    values
    (11, 11, $$Madisen Cole$$, $$958 Gaetano Spur Suite 915$$, 
        $$(375) 555-0256 x1097$$, $$Gluten$$, $$XS$$, $$VEGETARIAN$$, 
        $$Camilla Berge (598) 177-2732$$, $$Merritt Koelpin (850) 846-2849$$, 
        $$Dolorem voluptas aperiam modi dolor incidunt voluptate nihil. Nobis praesentium qui dignissimos beatae ut laudantium. Maxime consequuntur laborum qui sequi aut est eum. Et labore omnis error hic voluptas. Consequuntur deserunt fugiat. Dolores nesciunt quod sed autem repellendus rerum et veniam.$$, $$/images/fakeProfiles/babyb.png$$);
insert into 
    rcglavc."Users"("id", "login_id", "name", "address", "phone", 
        "allergies", "tshirt_size", "meal_pref", "emergency_contact_1", "emergency_contact_2", 
        "bio", "photo_url")
    values
    (12, 12, $$Raymundo Hodkiewicz$$, $$958 Padberg Locks Suite 623$$, 
        $$630-428-8440$$, $$Nope!$$, $$L$$, $$VEGETARIAN$$, 
        $$Delphia Streich (539) 753-3095 x7515$$, $$Eldon Gislason 1-509-667-6052 x9296$$, 
        $$Ad ab excepturi in omnis fugiat molestiae corporis ratione molestiae. Beatae consequatur et debitis laudantium doloremque. Quod non molestias nostrum.$$, $$/images/fakeProfiles/babyb.png$$);
insert into 
    rcglavc."Users"("id", "login_id", "name", "address", "phone", 
        "allergies", "tshirt_size", "meal_pref", "emergency_contact_1", "emergency_contact_2", 
        "bio", "photo_url")
    values
    (13, 13, $$Annetta Botsford$$, $$32505 Dulce Views Apt. 167$$, 
        $$116-676-8105 x1294$$, $$Nope!$$, $$L$$, $$VEGAN$$, 
        $$Lupe Runolfsson (815) 675-0216 x224$$, $$Adella West 736.633.5814$$, 
        $$Cumque veniam voluptatem magnam. Commodi labore consequatur quas sit omnis voluptatem et voluptatem quod. Aperiam impedit ad laudantium quia odio suscipit corporis porro iste. Consectetur saepe laudantium. Reiciendis quia velit qui deserunt consequatur consequatur odit.$$, $$/images/fakeProfiles/tigercave.png$$);
insert into 
    rcglavc."Users"("id", "login_id", "name", "address", "phone", 
        "allergies", "tshirt_size", "meal_pref", "emergency_contact_1", "emergency_contact_2", 
        "bio", "photo_url")
    values
    (14, 14, $$Keshawn Durgan$$, $$4582 Wilhelmine Haven Apt. 035$$, 
        $$954-936-4807 x5105$$, $$Strawberries and mango$$, $$M$$, $$VEGAN$$, 
        $$Mr. Gunnar Brakus 1-228-648-6834 x7634$$, $$Jannie Stoltenberg (462) 750-6090 x72049$$, 
        $$Assumenda officia est sequi perspiciatis possimus voluptas non placeat. Voluptatem sed nisi rerum in consequatur aut id natus. Molestiae molestias quaerat totam aliquid alias aut perferendis assumenda.$$, $$/images/fakeProfiles/tigercave.png$$);
insert into 
    rcglavc."Users"("id", "login_id", "name", "address", "phone", 
        "allergies", "tshirt_size", "meal_pref", "emergency_contact_1", "emergency_contact_2", 
        "bio", "photo_url")
    values
    (15, 15, $$Mozell Witting$$, $$8772 Paucek Coves Apt. 118$$, 
        $$1-600-301-5651 x7328$$, $$Nope!$$, $$M$$, $$VEGAN$$, 
        $$Juston Schiller (277) 043-3920 x1551$$, $$Miss Immanuel Zulauf 975-481-1654 x9723$$, 
        $$Fugit non ipsam ipsam consequuntur quis. Qui qui sunt. Perferendis velit delectus cumque rerum dolores. Voluptas eos dolor sit omnis qui sit eaque autem. Dolores officia ullam sit dignissimos autem cum mollitia rem. Officiis est praesentium quasi omnis autem amet ut debitis vel.$$, $$/images/fakeProfiles/sidpark.png$$);
insert into 
    rcglavc."Users"("id", "login_id", "name", "address", "phone", 
        "allergies", "tshirt_size", "meal_pref", "emergency_contact_1", "emergency_contact_2", 
        "bio", "photo_url")
    values
    (16, 16, $$Delores Lesch$$, $$263 Nickolas Ridge Apt. 963$$, 
        $$798.997.8984$$, $$Strawberries and mango$$, $$M$$, $$OMNIVORE$$, 
        $$Reyna Kemmer 306.691.3552$$, $$Garland Jakubowski Sr. 142-055-9876 x688$$, 
        $$Recusandae tempore quia animi qui ipsa voluptatem. Amet in officia voluptate iste omnis aut. Quam expedita reiciendis sint nisi ratione exercitationem adipisci consequatur libero.$$, $$/images/fakeProfiles/tigerface.png$$);
insert into 
    rcglavc."Users"("id", "login_id", "name", "address", "phone", 
        "allergies", "tshirt_size", "meal_pref", "emergency_contact_1", "emergency_contact_2", 
        "bio", "photo_url")
    values
    (17, 17, $$Bertram Hand$$, $$4002 Adalberto Hill Apt. 356$$, 
        $$1-018-124-9319 x0916$$, $$Nope!$$, $$XS$$, $$OMNIVORE$$, 
        $$Daphnee Brown 479.830.4877$$, $$Barton Koss 477-612-5262$$, 
        $$Esse illo ad eos repudiandae non. Porro placeat sed labore nam. Fugiat hic minus enim voluptatem et similique. Optio ipsa sed quisquam ut laudantium molestias. Autem et numquam dolorem voluptas tempore quasi facilis id earum. Officia et doloremque est repellendus eveniet possimus sequi eius sapiente.$$, $$/images/fakeProfiles/tigercave.png$$);
insert into 
    rcglavc."Users"("id", "login_id", "name", "address", "phone", 
        "allergies", "tshirt_size", "meal_pref", "emergency_contact_1", "emergency_contact_2", 
        "bio", "photo_url")
    values
    (18, 18, $$Vito Schmitt$$, $$3378 Predovic Place Suite 072$$, 
        $$1-620-248-4005$$, $$$$, $$L$$, $$OMNIVORE$$, 
        $$Chase Lesch 418.104.2112 x016$$, $$Sylvester Corwin (748) 457-1641 x4254$$, 
        $$Earum voluptate et et fuga dolores necessitatibus magni quia. Amet quia cumque velit est cum rem iste nesciunt. Sed vel sit. Dolorem repellat nemo dignissimos.$$, $$/images/fakeProfiles/sidbed.png$$);
insert into 
    rcglavc."Users"("id", "login_id", "name", "address", "phone", 
        "allergies", "tshirt_size", "meal_pref", "emergency_contact_1", "emergency_contact_2", 
        "bio", "photo_url")
    values
    (19, 19, $$Edwin Cormier$$, $$244 Maxwell Spur Apt. 134$$, 
        $$529.503.4367 x002$$, $$Dairy$$, $$L$$, $$OMNIVORE$$, 
        $$Vida Gerlach (745) 375-1843$$, $$Dejon Stamm 281.309.5267$$, 
        $$Blanditiis ab sed omnis itaque. Voluptatem molestias ea facilis itaque voluptates voluptas ipsum quam. Et qui officia ullam sed alias unde et. Illum rem eos. Tempore non ratione quibusdam est error delectus saepe. Maiores voluptate dolor et voluptates.$$, $$/images/fakeProfiles/sidpark.png$$);
insert into 
    rcglavc."Users"("id", "login_id", "name", "address", "phone", 
        "allergies", "tshirt_size", "meal_pref", "emergency_contact_1", "emergency_contact_2", 
        "bio", "photo_url")
    values
    (20, 20, $$Carolyn Parisian$$, $$6750 Lauriane Inlet Apt. 274$$, 
        $$(877) 184-9985 x636$$, $$$$, $$L$$, $$OMNIVORE$$, 
        $$Emmanuel Doyle 555.298.0268 x4702$$, $$Mrs. Liza Nolan 1-400-861-4030 x8977$$, 
        $$Rerum eos ipsum. Deleniti perspiciatis maiores praesentium dignissimos iste omnis iste. Ipsa quae molestiae voluptatem corrupti nihil. Recusandae quo enim aut sed dolorum possimus iusto voluptatum rerum. Voluptatibus rerum nemo quae. Dolorem voluptatem quae alias ut.$$, $$/images/fakeProfiles/sidpark.png$$);
insert into 
    rcglavc."Users"("id", "login_id", "name", "address", "phone", 
        "allergies", "tshirt_size", "meal_pref", "emergency_contact_1", "emergency_contact_2", 
        "bio", "photo_url")
    values
    (21, 21, $$Marjolaine Ortiz$$, $$2390 Kariane Ridge Apt. 650$$, 
        $$846.686.3647 x98126$$, $$Gluten$$, $$XS$$, $$VEGETARIAN$$, 
        $$Wilford Moore 956.424.7311$$, $$Imani Koss 1-405-684-2078 x0985$$, 
        $$Nihil eos tempore. Voluptas adipisci illo eum eum vel possimus. Quod asperiores sed reiciendis quia consequatur eum provident quasi suscipit.$$, $$/images/fakeProfiles/sidpark.png$$);
insert into 
    rcglavc."Users"("id", "login_id", "name", "address", "phone", 
        "allergies", "tshirt_size", "meal_pref", "emergency_contact_1", "emergency_contact_2", 
        "bio", "photo_url")
    values
    (22, 22, $$Monty Kutch$$, $$745 Cicero Road Apt. 089$$, 
        $$(542) 873-5129$$, $$Gluten$$, $$L$$, $$VEGETARIAN$$, 
        $$Rachel O'Conner 859.680.4413 x285$$, $$Mable Mueller (686) 796-3658 x46011$$, 
        $$Excepturi a nisi officiis quaerat aspernatur minima excepturi occaecati quaerat. Inventore ipsam excepturi odit sunt suscipit et sit. Qui explicabo non voluptatum sint aut facilis cupiditate. Ducimus eos natus et porro quibusdam mollitia. Illo vitae error veniam ea amet porro sapiente doloremque.$$, $$/images/fakeProfiles/sidbed.png$$);
insert into 
    rcglavc."Users"("id", "login_id", "name", "address", "phone", 
        "allergies", "tshirt_size", "meal_pref", "emergency_contact_1", "emergency_contact_2", 
        "bio", "photo_url")
    values
    (23, 23, $$Abdul Becker$$, $$583 Kris Stream Apt. 431$$, 
        $$(028) 587-8137$$, $$Dairy$$, $$M$$, $$VEGAN$$, 
        $$Reina Oberbrunner 030-536-9503$$, $$Breanna Stanton 1-596-028-8556$$, 
        $$Quia natus aut maiores ut. Aspernatur recusandae autem culpa itaque omnis unde. Qui consequatur blanditiis sit laboriosam aliquid. Sint placeat labore numquam quo explicabo. Quam quae laboriosam qui libero consequuntur. At delectus deserunt qui.$$, $$/images/fakeProfiles/cathead.png$$);
insert into 
    rcglavc."Users"("id", "login_id", "name", "address", "phone", 
        "allergies", "tshirt_size", "meal_pref", "emergency_contact_1", "emergency_contact_2", 
        "bio", "photo_url")
    values
    (24, 24, $$Ron Kris$$, $$0304 Rosalia Walks Suite 265$$, 
        $$1-208-214-6339$$, $$Dairy$$, $$L$$, $$VEGAN$$, 
        $$August Macejkovic 000.719.0733$$, $$Mr. Crystal Vandervort (239) 663-7112 x4622$$, 
        $$Est atque tempora accusantium et exercitationem eos veniam fuga. Vel vero non adipisci quae veniam voluptas est quia. Et consectetur voluptatibus impedit nulla odio laboriosam deserunt.$$, $$/images/fakeProfiles/babyb.png$$);
insert into 
    rcglavc."Users"("id", "login_id", "name", "address", "phone", 
        "allergies", "tshirt_size", "meal_pref", "emergency_contact_1", "emergency_contact_2", 
        "bio", "photo_url")
    values
    (25, 25, $$Eulah Wiegand$$, $$0035 Waelchi Parks Apt. 355$$, 
        $$(657) 948-5138 x025$$, $$Dairy$$, $$XL$$, $$OMNIVORE$$, 
        $$Dr. Terrill Heaney (822) 521-9979 x91274$$, $$Orion Breitenberg 074.806.6440$$, 
        $$Magni molestias et. Ad quas dolorum optio nemo et. Rem deserunt qui quasi voluptate in nihil. Nisi omnis quae ex eos libero similique.$$, $$/images/fakeProfiles/sidpark.png$$);
insert into 
    rcglavc."Users"("id", "login_id", "name", "address", "phone", 
        "allergies", "tshirt_size", "meal_pref", "emergency_contact_1", "emergency_contact_2", 
        "bio", "photo_url")
    values
    (26, 26, $$Myrtice Stamm$$, $$01328 Romaguera Flats Apt. 706$$, 
        $$(510) 427-3808$$, $$Nope!$$, $$S$$, $$VEGAN$$, 
        $$Garrison Glover (459) 097-8933$$, $$Blanche Schinner (439) 977-9505$$, 
        $$Vitae mollitia eligendi. Quis inventore maiores a occaecati optio consequatur. Labore quia debitis. Natus rem vel omnis.$$, $$/images/fakeProfiles/babyb.png$$);
insert into 
    rcglavc."Users"("id", "login_id", "name", "address", "phone", 
        "allergies", "tshirt_size", "meal_pref", "emergency_contact_1", "emergency_contact_2", 
        "bio", "photo_url")
    values
    (27, 27, $$Efren Mohr$$, $$84476 Rodriguez Corners Apt. 414$$, 
        $$873-660-3278$$, $$$$, $$L$$, $$VEGAN$$, 
        $$Neva Gaylord 713.642.9133 x65227$$, $$Stefanie Torphy 000.207.5968 x32374$$, 
        $$Fuga nam esse aut. Quia quasi placeat quia ullam harum. Animi quam sequi non soluta. Dolor eligendi quod animi quibusdam. Est ad officiis expedita omnis est quia vitae quas.$$, $$/images/fakeProfiles/sidpark.png$$);
insert into 
    rcglavc."Users"("id", "login_id", "name", "address", "phone", 
        "allergies", "tshirt_size", "meal_pref", "emergency_contact_1", "emergency_contact_2", 
        "bio", "photo_url")
    values
    (28, 28, $$Loyce Dach$$, $$08915 Corkery Parkways Suite 102$$, 
        $$329.542.3658 x010$$, $$None$$, $$XS$$, $$OMNIVORE$$, 
        $$Judge Blanda (463) 455-7267 x14421$$, $$Khalil Koepp (126) 113-5219 x7255$$, 
        $$Deleniti explicabo accusantium atque amet dolores est voluptatibus eaque. Autem dolores esse et mollitia et. Eligendi asperiores ratione et quia vero. Exercitationem dolores esse ut excepturi. Sit et et similique vitae soluta cum reprehenderit.$$, $$/images/fakeProfiles/babyb.png$$);
insert into 
    rcglavc."Users"("id", "login_id", "name", "address", "phone", 
        "allergies", "tshirt_size", "meal_pref", "emergency_contact_1", "emergency_contact_2", 
        "bio", "photo_url")
    values
    (29, 29, $$Gabe Wehner$$, $$1581 Hilton Alley Suite 785$$, 
        $$689.290.2141 x0193$$, $$$$, $$XS$$, $$VEGETARIAN$$, 
        $$Lavinia Jakubowski 1-169-826-9873 x48508$$, $$Bradley Oberbrunner 1-735-533-5175 x499$$, 
        $$Unde ut voluptas aut quod velit perferendis ipsam. Soluta sapiente dolor. Magnam est corrupti facilis architecto porro dolores. Et sunt temporibus iusto excepturi et voluptatem id. Ipsum placeat dolores molestiae et.$$, $$/images/fakeProfiles/sidbed.png$$);
insert into 
    rcglavc."Users"("id", "login_id", "name", "address", "phone", 
        "allergies", "tshirt_size", "meal_pref", "emergency_contact_1", "emergency_contact_2", 
        "bio", "photo_url")
    values
    (30, 30, $$Magnolia Moen$$, $$29174 Francis Plains Apt. 891$$, 
        $$1-201-651-1093 x04409$$, $$Dairy$$, $$L$$, $$VEGETARIAN$$, 
        $$Jalyn Welch (586) 212-5619 x50803$$, $$Florida Lemke 688.696.5753 x93099$$, 
        $$Quisquam ut ullam. Voluptates est laudantium magnam rerum et aut commodi laboriosam. Autem eius excepturi iusto.$$, $$/images/fakeProfiles/tigerface.png$$);
insert into 
    rcglavc."Users"("id", "login_id", "name", "address", "phone", 
        "allergies", "tshirt_size", "meal_pref", "emergency_contact_1", "emergency_contact_2", 
        "bio", "photo_url")
    values
    (31, 31, $$Arlo Schulist$$, $$27579 Bednar Walks Apt. 276$$, 
        $$375-154-5589$$, $$None$$, $$L$$, $$VEGAN$$, 
        $$Myrtie Kilback 073-486-9916$$, $$Zoie Stoltenberg 922.110.9309 x41029$$, 
        $$Et sequi velit magnam quia. Modi quo modi architecto consequatur et qui sapiente quia. Et fugit adipisci nihil qui ex minus earum hic. Laborum voluptas ea libero et rerum. A cum sunt. Excepturi voluptatibus consequatur animi occaecati officia repellendus sit.$$, $$/images/fakeProfiles/pinto.png$$);
insert into 
    rcglavc."Users"("id", "login_id", "name", "address", "phone", 
        "allergies", "tshirt_size", "meal_pref", "emergency_contact_1", "emergency_contact_2", 
        "bio", "photo_url")
    values
    (32, 32, $$Bernadette Lakin$$, $$95619 Joanie Prairie Suite 616$$, 
        $$232-293-0983 x984$$, $$$$, $$L$$, $$VEGAN$$, 
        $$Marisol Smitham 956-005-5569 x6747$$, $$Lilyan Swaniawski (831) 056-7806 x71435$$, 
        $$Aut nihil facilis libero neque accusamus adipisci et sed explicabo. Non id rem aut voluptatum porro consequatur blanditiis repellat fugit. Facere explicabo harum doloremque dignissimos illo. Perferendis pariatur fugiat. Quod enim eos et porro perferendis molestias ipsum odio deserunt.$$, $$/images/fakeProfiles/sidpark.png$$);
insert into 
    rcglavc."Users"("id", "login_id", "name", "address", "phone", 
        "allergies", "tshirt_size", "meal_pref", "emergency_contact_1", "emergency_contact_2", 
        "bio", "photo_url")
    values
    (33, 33, $$Berta Harris$$, $$524 Jarvis Run Apt. 816$$, 
        $$(661) 206-2564 x4698$$, $$Nope!$$, $$M$$, $$VEGAN$$, 
        $$Darrion Bauch (789) 167-8062$$, $$Gabriella Donnelly (155) 832-9030 x3744$$, 
        $$Aut voluptate quibusdam ut. Recusandae earum aut. Eligendi aut voluptatem hic in. Ipsam eum et cumque et accusantium est eveniet voluptatem nisi. Deleniti laboriosam quos quasi nulla qui tenetur fugit vel.$$, $$/images/fakeProfiles/cathead.png$$);
insert into 
    rcglavc."Users"("id", "login_id", "name", "address", "phone", 
        "allergies", "tshirt_size", "meal_pref", "emergency_contact_1", "emergency_contact_2", 
        "bio", "photo_url")
    values
    (34, 34, $$Annamae Bins$$, $$5709 Lucy Oval Suite 947$$, 
        $$1-640-584-7706$$, $$None$$, $$S$$, $$VEGETARIAN$$, 
        $$Evangeline Schneider 413-549-0673 x2452$$, $$Willa Buckridge 622-601-1228 x1764$$, 
        $$Sit minima repudiandae sequi expedita aperiam. Sit harum autem. Quaerat ut quod vel.$$, $$/images/fakeProfiles/cathead.png$$);
insert into 
    rcglavc."Users"("id", "login_id", "name", "address", "phone", 
        "allergies", "tshirt_size", "meal_pref", "emergency_contact_1", "emergency_contact_2", 
        "bio", "photo_url")
    values
    (35, 35, $$Tanya Zieme$$, $$115 Gabrielle Cove Apt. 772$$, 
        $$(491) 971-0029 x5460$$, $$$$, $$XS$$, $$VEGAN$$, 
        $$Lane Hackett 580-412-1169 x9263$$, $$Jan Towne PhD 150.735.9621$$, 
        $$Distinctio doloremque quod sequi aperiam enim ipsam quam suscipit. Ipsa eum natus optio dignissimos aperiam sint. Earum assumenda voluptatibus nulla. Exercitationem eaque quia amet mollitia. Laborum id omnis harum fuga neque rem et.$$, $$/images/fakeProfiles/sidpark.png$$);
insert into 
    rcglavc."Users"("id", "login_id", "name", "address", "phone", 
        "allergies", "tshirt_size", "meal_pref", "emergency_contact_1", "emergency_contact_2", 
        "bio", "photo_url")
    values
    (36, 36, $$Jazmin Hettinger$$, $$8216 Becker Ridges Apt. 924$$, 
        $$(185) 417-7846$$, $$Strawberries and mango$$, $$XL$$, $$VEGAN$$, 
        $$Ruth Legros 677.514.2553 x002$$, $$Sage Zieme 170-127-0144$$, 
        $$Tempora eaque rerum voluptatem voluptatem itaque ullam veritatis ipsa ab. Qui mollitia labore est dolor et. Inventore dolore est optio autem. Maxime laborum sequi culpa quae eum aut quis dolores. Omnis porro a velit ut nihil.$$, $$/images/fakeProfiles/cathead.png$$);
insert into 
    rcglavc."Users"("id", "login_id", "name", "address", "phone", 
        "allergies", "tshirt_size", "meal_pref", "emergency_contact_1", "emergency_contact_2", 
        "bio", "photo_url")
    values
    (37, 37, $$Arvilla Quigley$$, $$618 Erna Green Apt. 667$$, 
        $$814.746.6777$$, $$None$$, $$M$$, $$VEGAN$$, 
        $$Manuel Keebler (154) 775-4900 x565$$, $$Fannie Collier MD (455) 297-3779 x4507$$, 
        $$Non quo ad commodi fugit eligendi repellendus. Fuga tenetur autem itaque explicabo quis fuga id delectus aliquid. Minima est facilis rem dolor laborum voluptas. Occaecati delectus sint quas. Nam deleniti qui aut aliquid quia laudantium quia dolor. Et voluptatem ut officiis.$$, $$/images/fakeProfiles/tigerface.png$$);
insert into 
    rcglavc."Users"("id", "login_id", "name", "address", "phone", 
        "allergies", "tshirt_size", "meal_pref", "emergency_contact_1", "emergency_contact_2", 
        "bio", "photo_url")
    values
    (38, 38, $$Lorna Kovacek$$, $$5674 Juwan River Suite 105$$, 
        $$(311) 979-5404$$, $$None$$, $$XS$$, $$VEGAN$$, 
        $$Jade Schoen 705.495.8409 x593$$, $$Savannah Kuphal Sr. 643.753.5314 x365$$, 
        $$Nam placeat voluptatem dolorem. Voluptatem esse nam dolores quis cum ea minima. Voluptas et et minus iusto et et. Quidem ea exercitationem.$$, $$/images/fakeProfiles/babyb.png$$);
insert into 
    rcglavc."Users"("id", "login_id", "name", "address", "phone", 
        "allergies", "tshirt_size", "meal_pref", "emergency_contact_1", "emergency_contact_2", 
        "bio", "photo_url")
    values
    (39, 39, $$Rachel Oberbrunner$$, $$8507 Verner Springs Apt. 620$$, 
        $$1-006-984-9295$$, $$Strawberries and mango$$, $$XS$$, $$OMNIVORE$$, 
        $$Kylee Connelly 1-332-634-7781$$, $$Ms. Quinten Treutel 623.769.8208$$, 
        $$Explicabo fugiat earum. Sint explicabo commodi. Aut error rerum sed beatae ut quos.$$, $$/images/fakeProfiles/tigercave.png$$);
insert into 
    rcglavc."Users"("id", "login_id", "name", "address", "phone", 
        "allergies", "tshirt_size", "meal_pref", "emergency_contact_1", "emergency_contact_2", 
        "bio", "photo_url")
    values
    (40, 40, $$Pearl Kreiger$$, $$690 Brandt Estates Suite 328$$, 
        $$164-586-8165 x3056$$, $$$$, $$XS$$, $$OMNIVORE$$, 
        $$Laron Kertzmann 1-765-836-6404 x9050$$, $$Faustino Bogan 484.806.1294$$, 
        $$Nobis quibusdam temporibus animi totam tempore. Beatae accusantium ut maxime eveniet suscipit quis quo nemo optio. Quia ut ea dolores.$$, $$/images/fakeProfiles/cathead.png$$);insert into 
    rcglavc."Sessions"("id", "name", "start", "end") values 
    (1, $$2020-summer-week1$$, $$2020-07-05T07:00:00.000Z$$, $$2020-07-12T06:59:00.000Z$$);
insert into 
    rcglavc."Roles"("id", "code", "name") 
    values(0, $$FLAT$$, $$Flat$$);
insert into 
    rcglavc."Roles"("id", "code", "name") 
    values(1, $$SHARP$$, $$Sharp$$);
insert into 
    rcglavc."Roles"("id", "code", "name") 
    values(2, $$GUITARIST$$, $$Guitarist$$);
insert into 
    rcglavc."Roles"("id", "code", "name") 
    values(3, $$BASSIST$$, $$Bassist$$);
insert into 
    rcglavc."Roles"("id", "code", "name") 
    values(4, $$DRUMMER$$, $$Drummer$$);
insert into 
    rcglavc."Roles"("id", "code", "name") 
    values(5, $$VOCALIST$$, $$Vocalist$$);
insert into 
    rcglavc."Roles"("id", "code", "name") 
    values(6, $$KEYBOARDIST$$, $$Keyboardist$$);
insert into 
    rcglavc."Roles"("id", "code", "name") 
    values(7, $$MVP_CAMPER$$, $$MVP Camper$$);
insert into 
    rcglavc."Roles"("id", "code", "name") 
    values(8, $$GUITAR_INSTRUCTOR$$, $$Guitar Instructor$$);
insert into 
    rcglavc."Roles"("id", "code", "name") 
    values(9, $$DRUMS_INSTRUCTOR$$, $$Drums Instructor$$);
insert into 
    rcglavc."Roles"("id", "code", "name") 
    values(10, $$KEYS_INSTRUCTOR$$, $$Keys Instructor$$);
insert into 
    rcglavc."Roles"("id", "code", "name") 
    values(11, $$VOCALS_INSTRUCTOR$$, $$Vocals Instructor$$);
insert into 
    rcglavc."Roles"("id", "code", "name") 
    values(12, $$BASS_INSTRUCTOR$$, $$Bass Instructor$$);
insert into 
    rcglavc."Roles"("id", "code", "name") 
    values(13, $$BAND_COACH$$, $$Band Coach$$);
insert into 
    rcglavc."Roles"("id", "code", "name") 
    values(14, $$COUNSELOR$$, $$Counselor$$);
insert into 
    rcglavc."Roles"("id", "code", "name") 
    values(15, $$ROADIE$$, $$Roadie$$);
insert into 
    rcglavc."Roles"("id", "code", "name") 
    values(16, $$GENERAL_SUPPORT$$, $$General Support$$);
insert into 
    rcglavc."Roles"("id", "code", "name") 
    values(17, $$SNACK_PATROL$$, $$Snack Patrol$$);
insert into 
    rcglavc."Roles"("id", "code", "name") 
    values(18, $$CHECK_IN$$, $$Check-in$$);
insert into 
    rcglavc."Roles"("id", "code", "name") 
    values(19, $$CHECK_OUT$$, $$Check-out$$);
insert into 
    rcglavc."Roles"("id", "code", "name") 
    values(20, $$AM_SUPERVISION$$, $$A.M. Supervision$$);
insert into 
    rcglavc."Roles"("id", "code", "name") 
    values(21, $$PM_SUPERVISION$$, $$P.M. Supervision$$);
insert into 
    rcglavc."Roles"("id", "code", "name") 
    values(22, $$VIT_COORDINATOR$$, $$VIT Coordinator$$);
insert into 
    rcglavc."Roles"("id", "code", "name") 
    values(23, $$ASSEMBLY_SOUND$$, $$Assembly Sound$$);
insert into 
    rcglavc."Roles"("id", "code", "name") 
    values(24, $$CREW_COACH$$, $$Crew Coach$$);
insert into 
    rcglavc."Roles"("id", "code", "name") 
    values(25, $$FRONT_DESK_LEAD$$, $$Front Desk Lead$$);
insert into 
    rcglavc."Roles"("id", "code", "name") 
    values(26, $$MAYOR$$, $$Mayor of Awesometown$$);
insert into 
    rcglavc."Roles"("id", "code", "name") 
    values(27, $$CO_DIRECTOR$$, $$Co-Director$$);
insert into 
    rcglavc."Roles"("id", "code", "name") 
    values(28, $$ART_DIRECTOR$$, $$Art Director$$);
insert into 
    rcglavc."Roles"("id", "code", "name") 
    values(29, $$MVP_DIRECTOR$$, $$MVP Director$$);
insert into 
    rcglavc."Roles"("id", "code", "name") 
    values(30, $$CAMP_VIDEOGRAPHER$$, $$Camp Videographer$$);
insert into 
    rcglavc."Roles"("id", "code", "name") 
    values(31, $$KITCHEN_SUPPORT$$, $$Kitchen Support$$);
insert into 
    rcglavc."Roles"("id", "code", "name") 
    values(32, $$TEAM_FEELINGS$$, $$Team Feelings$$);
insert into 
    rcglavc."Roles"("id", "code", "name") 
    values(33, $$MEDICAL$$, $$Medical$$);
insert into 
    rcglavc."Roles"("id", "code", "name") 
    values(34, $$SOCIAL_MEDIA_COORDINATOR$$, $$Social Media Coordinator$$);
insert into 
    rcglavc."Roles"("id", "code", "name") 
    values(35, $$FOOD_COORDINATOR$$, $$Food Coordinator$$);
insert into 
    rcglavc."Roles"("id", "code", "name") 
    values(36, $$GEAR_COORDINATOR$$, $$Gear Coordinator$$);
insert into 
    rcglavc."Roles"("id", "code", "name") 
    values(37, $$GRATITUDE_COORDINATOR$$, $$Gratitude Coordinator$$);
insert into 
    rcglavc."Roles"("id", "code", "name") 
    values(38, $$OUTREACH_COORDINATOR$$, $$Outreach Coordinator$$);
insert into 
    rcglavc."Roles"("id", "code", "name") 
    values(39, $$SPECIAL_EVENTS_COORDINATOR$$, $$Special Events Coordinator$$);
insert into 
    rcglavc."Roles"("id", "code", "name") 
    values(40, $$TECHNOLOGY_COORDINATOR$$, $$Technology Coordinator$$);
insert into 
    rcglavc."Roles"("id", "code", "name") 
    values(41, $$VOLUNTEER_RESOURCES_COORDINATOR$$, $$Volunteer Resources Coordinator$$);
insert into 
    rcglavc."Roles"("id", "code", "name") 
    values(42, $$WORKSHOPS_COORDINATOR$$, $$Workshops Coordinator$$);
insert into 
    rcglavc."Roles"("id", "code", "name") 
    values(43, $$YOUTH_LEADERSHIP_COORDINATOR$$, $$Youth Leadership Coordinator$$);
insert into 
    rcglavc."Roles"("id", "code", "name") 
    values(44, $$CAMP_STAGING_COORDINATOR$$, $$Camp Staging Coordinator$$);
insert into 
    rcglavc."Roles"("id", "code", "name") 
    values(45, $$CAMERA_MENTOR$$, $$Camera Mentor$$);
insert into 
    rcglavc."Roles"("id", "code", "name") 
    values(46, $$EDITING_MENTOR$$, $$Editing Mentor$$);
insert into 
    rcglavc."Roles"("id", "code", "name") 
    values(47, $$MVP_SUPPORT$$, $$MVP Support$$);
insert into 
    rcglavc."Roles"("id", "code", "name") 
    values(48, $$CAMP_PHOTOGRAPHER$$, $$Camp Photographer$$);
insert into 
    rcglavc."Roles"("id", "code", "name") 
    values(49, $$DAILY_RECAP_VIDEO$$, $$Daily Recap Video$$);insert into 
    rcglavc."RoleGroups"("id", "code", "name") 
    values(0, $$CAMPERS$$, $$Campers$$);
insert into 
    rcglavc."RoleGroups"("id", "code", "name") 
    values(1, $$VOLUNTEERS$$, $$Volunteers$$);
insert into 
    rcglavc."RoleGroups"("id", "code", "name") 
    values(2, $$SUPPORT_CREW$$, $$Support Crew$$);
insert into 
    rcglavc."RoleGroups"("id", "code", "name") 
    values(3, $$INSTRUCTORS$$, $$Instructors$$);
insert into 
    rcglavc."RoleGroups"("id", "code", "name") 
    values(4, $$MVP_VOLUNTEERS$$, $$MVP Volunteers$$);
insert into 
    rcglavc."RoleGroups"("id", "code", "name") 
    values(5, $$KITCHEN_CREW$$, $$Kitchen Crew$$);
insert into 
    rcglavc."RoleGroups"("id", "code", "name") 
    values(6, $$YRPC$$, $$Year-Round Planning Committee$$);
insert into 
    rcglavc."RoleGroups"("id", "code", "name") 
    values(7, $$DIRECTORS$$, $$Directors$$);insert into 
    rcglavc."RolesInRoleGroups"("id", "role_id", "role_group_id")
    values (0, 0, 0);
insert into 
    rcglavc."RolesInRoleGroups"("id", "role_id", "role_group_id")
    values (1, 1, 0);
insert into 
    rcglavc."RolesInRoleGroups"("id", "role_id", "role_group_id")
    values (2, 2, 0);
insert into 
    rcglavc."RolesInRoleGroups"("id", "role_id", "role_group_id")
    values (3, 3, 0);
insert into 
    rcglavc."RolesInRoleGroups"("id", "role_id", "role_group_id")
    values (4, 4, 0);
insert into 
    rcglavc."RolesInRoleGroups"("id", "role_id", "role_group_id")
    values (5, 5, 0);
insert into 
    rcglavc."RolesInRoleGroups"("id", "role_id", "role_group_id")
    values (6, 6, 0);
insert into 
    rcglavc."RolesInRoleGroups"("id", "role_id", "role_group_id")
    values (7, 7, 0);
insert into 
    rcglavc."RolesInRoleGroups"("id", "role_id", "role_group_id")
    values (8, 8, 1);
insert into 
    rcglavc."RolesInRoleGroups"("id", "role_id", "role_group_id")
    values (9, 9, 1);
insert into 
    rcglavc."RolesInRoleGroups"("id", "role_id", "role_group_id")
    values (10, 10, 1);
insert into 
    rcglavc."RolesInRoleGroups"("id", "role_id", "role_group_id")
    values (11, 11, 1);
insert into 
    rcglavc."RolesInRoleGroups"("id", "role_id", "role_group_id")
    values (12, 12, 1);
insert into 
    rcglavc."RolesInRoleGroups"("id", "role_id", "role_group_id")
    values (13, 13, 1);
insert into 
    rcglavc."RolesInRoleGroups"("id", "role_id", "role_group_id")
    values (14, 14, 1);
insert into 
    rcglavc."RolesInRoleGroups"("id", "role_id", "role_group_id")
    values (15, 15, 1);
insert into 
    rcglavc."RolesInRoleGroups"("id", "role_id", "role_group_id")
    values (16, 16, 1);
insert into 
    rcglavc."RolesInRoleGroups"("id", "role_id", "role_group_id")
    values (17, 17, 1);
insert into 
    rcglavc."RolesInRoleGroups"("id", "role_id", "role_group_id")
    values (18, 18, 1);
insert into 
    rcglavc."RolesInRoleGroups"("id", "role_id", "role_group_id")
    values (19, 19, 1);
insert into 
    rcglavc."RolesInRoleGroups"("id", "role_id", "role_group_id")
    values (20, 20, 1);
insert into 
    rcglavc."RolesInRoleGroups"("id", "role_id", "role_group_id")
    values (21, 21, 1);
insert into 
    rcglavc."RolesInRoleGroups"("id", "role_id", "role_group_id")
    values (22, 22, 1);
insert into 
    rcglavc."RolesInRoleGroups"("id", "role_id", "role_group_id")
    values (23, 23, 1);
insert into 
    rcglavc."RolesInRoleGroups"("id", "role_id", "role_group_id")
    values (24, 24, 1);
insert into 
    rcglavc."RolesInRoleGroups"("id", "role_id", "role_group_id")
    values (25, 25, 1);
insert into 
    rcglavc."RolesInRoleGroups"("id", "role_id", "role_group_id")
    values (26, 26, 1);
insert into 
    rcglavc."RolesInRoleGroups"("id", "role_id", "role_group_id")
    values (27, 27, 1);
insert into 
    rcglavc."RolesInRoleGroups"("id", "role_id", "role_group_id")
    values (28, 28, 1);
insert into 
    rcglavc."RolesInRoleGroups"("id", "role_id", "role_group_id")
    values (29, 29, 1);
insert into 
    rcglavc."RolesInRoleGroups"("id", "role_id", "role_group_id")
    values (30, 30, 1);
insert into 
    rcglavc."RolesInRoleGroups"("id", "role_id", "role_group_id")
    values (31, 31, 1);
insert into 
    rcglavc."RolesInRoleGroups"("id", "role_id", "role_group_id")
    values (32, 32, 1);
insert into 
    rcglavc."RolesInRoleGroups"("id", "role_id", "role_group_id")
    values (33, 33, 1);
insert into 
    rcglavc."RolesInRoleGroups"("id", "role_id", "role_group_id")
    values (34, 34, 1);
insert into 
    rcglavc."RolesInRoleGroups"("id", "role_id", "role_group_id")
    values (35, 35, 1);
insert into 
    rcglavc."RolesInRoleGroups"("id", "role_id", "role_group_id")
    values (36, 36, 1);
insert into 
    rcglavc."RolesInRoleGroups"("id", "role_id", "role_group_id")
    values (37, 37, 1);
insert into 
    rcglavc."RolesInRoleGroups"("id", "role_id", "role_group_id")
    values (38, 38, 1);
insert into 
    rcglavc."RolesInRoleGroups"("id", "role_id", "role_group_id")
    values (39, 39, 1);
insert into 
    rcglavc."RolesInRoleGroups"("id", "role_id", "role_group_id")
    values (40, 40, 1);
insert into 
    rcglavc."RolesInRoleGroups"("id", "role_id", "role_group_id")
    values (41, 41, 1);
insert into 
    rcglavc."RolesInRoleGroups"("id", "role_id", "role_group_id")
    values (42, 42, 1);
insert into 
    rcglavc."RolesInRoleGroups"("id", "role_id", "role_group_id")
    values (43, 43, 1);
insert into 
    rcglavc."RolesInRoleGroups"("id", "role_id", "role_group_id")
    values (44, 44, 1);
insert into 
    rcglavc."RolesInRoleGroups"("id", "role_id", "role_group_id")
    values (45, 45, 1);
insert into 
    rcglavc."RolesInRoleGroups"("id", "role_id", "role_group_id")
    values (46, 46, 1);
insert into 
    rcglavc."RolesInRoleGroups"("id", "role_id", "role_group_id")
    values (47, 47, 1);
insert into 
    rcglavc."RolesInRoleGroups"("id", "role_id", "role_group_id")
    values (48, 48, 1);
insert into 
    rcglavc."RolesInRoleGroups"("id", "role_id", "role_group_id")
    values (49, 49, 1);
insert into 
    rcglavc."RolesInRoleGroups"("id", "role_id", "role_group_id")
    values (50, 15, 2);
insert into 
    rcglavc."RolesInRoleGroups"("id", "role_id", "role_group_id")
    values (51, 16, 2);
insert into 
    rcglavc."RolesInRoleGroups"("id", "role_id", "role_group_id")
    values (52, 17, 2);
insert into 
    rcglavc."RolesInRoleGroups"("id", "role_id", "role_group_id")
    values (53, 18, 2);
insert into 
    rcglavc."RolesInRoleGroups"("id", "role_id", "role_group_id")
    values (54, 19, 2);
insert into 
    rcglavc."RolesInRoleGroups"("id", "role_id", "role_group_id")
    values (55, 20, 2);
insert into 
    rcglavc."RolesInRoleGroups"("id", "role_id", "role_group_id")
    values (56, 21, 2);
insert into 
    rcglavc."RolesInRoleGroups"("id", "role_id", "role_group_id")
    values (57, 25, 2);
insert into 
    rcglavc."RolesInRoleGroups"("id", "role_id", "role_group_id")
    values (58, 31, 2);
insert into 
    rcglavc."RolesInRoleGroups"("id", "role_id", "role_group_id")
    values (59, 8, 3);
insert into 
    rcglavc."RolesInRoleGroups"("id", "role_id", "role_group_id")
    values (60, 9, 3);
insert into 
    rcglavc."RolesInRoleGroups"("id", "role_id", "role_group_id")
    values (61, 10, 3);
insert into 
    rcglavc."RolesInRoleGroups"("id", "role_id", "role_group_id")
    values (62, 11, 3);
insert into 
    rcglavc."RolesInRoleGroups"("id", "role_id", "role_group_id")
    values (63, 12, 3);
insert into 
    rcglavc."RolesInRoleGroups"("id", "role_id", "role_group_id")
    values (64, 24, 4);
insert into 
    rcglavc."RolesInRoleGroups"("id", "role_id", "role_group_id")
    values (65, 29, 4);
insert into 
    rcglavc."RolesInRoleGroups"("id", "role_id", "role_group_id")
    values (66, 45, 4);
insert into 
    rcglavc."RolesInRoleGroups"("id", "role_id", "role_group_id")
    values (67, 46, 4);
insert into 
    rcglavc."RolesInRoleGroups"("id", "role_id", "role_group_id")
    values (68, 47, 4);
insert into 
    rcglavc."RolesInRoleGroups"("id", "role_id", "role_group_id")
    values (69, 17, 5);
insert into 
    rcglavc."RolesInRoleGroups"("id", "role_id", "role_group_id")
    values (70, 31, 5);
insert into 
    rcglavc."RolesInRoleGroups"("id", "role_id", "role_group_id")
    values (71, 34, 6);
insert into 
    rcglavc."RolesInRoleGroups"("id", "role_id", "role_group_id")
    values (72, 35, 6);
insert into 
    rcglavc."RolesInRoleGroups"("id", "role_id", "role_group_id")
    values (73, 36, 6);
insert into 
    rcglavc."RolesInRoleGroups"("id", "role_id", "role_group_id")
    values (74, 37, 6);
insert into 
    rcglavc."RolesInRoleGroups"("id", "role_id", "role_group_id")
    values (75, 38, 6);
insert into 
    rcglavc."RolesInRoleGroups"("id", "role_id", "role_group_id")
    values (76, 39, 6);
insert into 
    rcglavc."RolesInRoleGroups"("id", "role_id", "role_group_id")
    values (77, 40, 6);
insert into 
    rcglavc."RolesInRoleGroups"("id", "role_id", "role_group_id")
    values (78, 41, 6);
insert into 
    rcglavc."RolesInRoleGroups"("id", "role_id", "role_group_id")
    values (79, 42, 6);
insert into 
    rcglavc."RolesInRoleGroups"("id", "role_id", "role_group_id")
    values (80, 43, 6);
insert into 
    rcglavc."RolesInRoleGroups"("id", "role_id", "role_group_id")
    values (81, 44, 6);
insert into 
    rcglavc."RolesInRoleGroups"("id", "role_id", "role_group_id")
    values (82, 26, 7);
insert into 
    rcglavc."RolesInRoleGroups"("id", "role_id", "role_group_id")
    values (83, 27, 7);
insert into 
    rcglavc."RolesInRoleGroups"("id", "role_id", "role_group_id")
    values (84, 28, 7);
insert into 
    rcglavc."RolesInRoleGroups"("id", "role_id", "role_group_id")
    values (85, 29, 7);insert into 
    rcglavc."Participation"("id", "user_id", "session_id", "role_id", "start", "end")
    values (0, 1, 1, 46, 
        $$2020-07-09T10:38:36.793Z$$, $$2020-07-10T08:15:48.595Z$$);
insert into 
    rcglavc."Participation"("id", "user_id", "session_id", "role_id", "start", "end")
    values (1, 2, 1, 31, 
        $$2020-07-07T12:24:01.068Z$$, $$2020-07-11T00:01:46.294Z$$);
insert into 
    rcglavc."Participation"("id", "user_id", "session_id", "role_id", "start", "end")
    values (2, 2, 1, 15, 
        $$2020-07-07T22:17:11.124Z$$, $$2020-07-11T01:52:48.300Z$$);
insert into 
    rcglavc."Participation"("id", "user_id", "session_id", "role_id", "start", "end")
    values (3, 3, 1, 16, 
        $$2020-07-09T09:37:29.780Z$$, $$2020-07-10T05:25:28.561Z$$);
insert into 
    rcglavc."Participation"("id", "user_id", "session_id", "role_id", "start", "end")
    values (4, 3, 1, 13, 
        $$2020-07-05T21:59:49.458Z$$, $$2020-07-07T14:32:27.939Z$$);
insert into 
    rcglavc."Participation"("id", "user_id", "session_id", "role_id", "start", "end")
    values (5, 4, 1, 14, 
        $$2020-07-10T05:24:22.294Z$$, $$2020-07-10T09:00:59.639Z$$);
insert into 
    rcglavc."Participation"("id", "user_id", "session_id", "role_id", "start", "end")
    values (6, 4, 1, 20, 
        $$2020-07-09T18:50:16.017Z$$, $$2020-07-11T13:11:46.100Z$$);
insert into 
    rcglavc."Participation"("id", "user_id", "session_id", "role_id", "start", "end")
    values (7, 5, 1, 8, 
        $$2020-07-05T15:46:45.958Z$$, $$2020-07-06T02:15:43.487Z$$);
insert into 
    rcglavc."Participation"("id", "user_id", "session_id", "role_id", "start", "end")
    values (8, 5, 1, 13, 
        $$2020-07-10T07:49:39.500Z$$, $$2020-07-10T20:00:44.213Z$$);
insert into 
    rcglavc."Participation"("id", "user_id", "session_id", "role_id", "start", "end")
    values (9, 5, 1, 35, 
        $$2020-07-10T10:45:06.073Z$$, $$2020-07-10T23:30:17.305Z$$);
insert into 
    rcglavc."Participation"("id", "user_id", "session_id", "role_id", "start", "end")
    values (10, 6, 1, 8, 
        $$2020-07-09T20:22:07.569Z$$, $$2020-07-11T10:19:09.383Z$$);
insert into 
    rcglavc."Participation"("id", "user_id", "session_id", "role_id", "start", "end")
    values (11, 6, 1, 13, 
        $$2020-07-08T23:11:12.186Z$$, $$2020-07-10T22:36:13.322Z$$);
insert into 
    rcglavc."Participation"("id", "user_id", "session_id", "role_id", "start", "end")
    values (12, 6, 1, 35, 
        $$2020-07-07T07:54:17.858Z$$, $$2020-07-11T13:25:54.237Z$$);
insert into 
    rcglavc."Participation"("id", "user_id", "session_id", "role_id", "start", "end")
    values (13, 7, 1, 8, 
        $$2020-07-07T09:56:47.841Z$$, $$2020-07-10T23:10:18.938Z$$);
insert into 
    rcglavc."Participation"("id", "user_id", "session_id", "role_id", "start", "end")
    values (14, 7, 1, 13, 
        $$2020-07-08T13:19:29.623Z$$, $$2020-07-11T21:17:01.720Z$$);
insert into 
    rcglavc."Participation"("id", "user_id", "session_id", "role_id", "start", "end")
    values (15, 7, 1, 35, 
        $$2020-07-08T08:49:21.584Z$$, $$2020-07-08T23:10:14.596Z$$);
insert into 
    rcglavc."Participation"("id", "user_id", "session_id", "role_id", "start", "end")
    values (16, 8, 1, 31, 
        $$2020-07-07T22:57:47.536Z$$, $$2020-07-10T07:38:51.901Z$$);
insert into 
    rcglavc."Participation"("id", "user_id", "session_id", "role_id", "start", "end")
    values (17, 8, 1, 15, 
        $$2020-07-09T08:28:05.045Z$$, $$2020-07-09T15:54:32.726Z$$);
insert into 
    rcglavc."Participation"("id", "user_id", "session_id", "role_id", "start", "end")
    values (18, 9, 1, 14, 
        $$2020-07-08T13:15:04.818Z$$, $$2020-07-11T04:41:33.302Z$$);
insert into 
    rcglavc."Participation"("id", "user_id", "session_id", "role_id", "start", "end")
    values (19, 9, 1, 20, 
        $$2020-07-10T08:34:54.906Z$$, $$2020-07-11T16:35:54.693Z$$);
insert into 
    rcglavc."Participation"("id", "user_id", "session_id", "role_id", "start", "end")
    values (20, 10, 1, 24, 
        $$2020-07-10T22:39:46.982Z$$, $$2020-07-12T02:15:42.290Z$$);
insert into 
    rcglavc."Participation"("id", "user_id", "session_id", "role_id", "start", "end")
    values (21, 11, 1, 0, 
        $$2020-07-06T15:00:00.000Z$$, $$2020-07-12T00:00:00.000Z$$);
insert into 
    rcglavc."Participation"("id", "user_id", "session_id", "role_id", "start", "end")
    values (22, 11, 1, 4, 
        $$2020-07-06T15:00:00.000Z$$, $$2020-07-12T00:00:00.000Z$$);
insert into 
    rcglavc."Participation"("id", "user_id", "session_id", "role_id", "start", "end")
    values (23, 12, 1, 1, 
        $$2020-07-06T15:00:00.000Z$$, $$2020-07-12T00:00:00.000Z$$);
insert into 
    rcglavc."Participation"("id", "user_id", "session_id", "role_id", "start", "end")
    values (24, 12, 1, 5, 
        $$2020-07-06T15:00:00.000Z$$, $$2020-07-12T00:00:00.000Z$$);
insert into 
    rcglavc."Participation"("id", "user_id", "session_id", "role_id", "start", "end")
    values (25, 13, 1, 7, 
        $$2020-07-06T15:00:00.000Z$$, $$2020-07-12T00:00:00.000Z$$);
insert into 
    rcglavc."Participation"("id", "user_id", "session_id", "role_id", "start", "end")
    values (26, 14, 1, 7, 
        $$2020-07-06T15:00:00.000Z$$, $$2020-07-12T00:00:00.000Z$$);
insert into 
    rcglavc."Participation"("id", "user_id", "session_id", "role_id", "start", "end")
    values (27, 15, 1, 1, 
        $$2020-07-06T15:00:00.000Z$$, $$2020-07-12T00:00:00.000Z$$);
insert into 
    rcglavc."Participation"("id", "user_id", "session_id", "role_id", "start", "end")
    values (28, 15, 1, 5, 
        $$2020-07-06T15:00:00.000Z$$, $$2020-07-12T00:00:00.000Z$$);
insert into 
    rcglavc."Participation"("id", "user_id", "session_id", "role_id", "start", "end")
    values (29, 16, 1, 7, 
        $$2020-07-06T15:00:00.000Z$$, $$2020-07-12T00:00:00.000Z$$);
insert into 
    rcglavc."Participation"("id", "user_id", "session_id", "role_id", "start", "end")
    values (30, 17, 1, 1, 
        $$2020-07-06T15:00:00.000Z$$, $$2020-07-12T00:00:00.000Z$$);
insert into 
    rcglavc."Participation"("id", "user_id", "session_id", "role_id", "start", "end")
    values (31, 17, 1, 2, 
        $$2020-07-06T15:00:00.000Z$$, $$2020-07-12T00:00:00.000Z$$);
insert into 
    rcglavc."Participation"("id", "user_id", "session_id", "role_id", "start", "end")
    values (32, 18, 1, 0, 
        $$2020-07-06T15:00:00.000Z$$, $$2020-07-12T00:00:00.000Z$$);
insert into 
    rcglavc."Participation"("id", "user_id", "session_id", "role_id", "start", "end")
    values (33, 18, 1, 4, 
        $$2020-07-06T15:00:00.000Z$$, $$2020-07-12T00:00:00.000Z$$);
insert into 
    rcglavc."Participation"("id", "user_id", "session_id", "role_id", "start", "end")
    values (34, 19, 1, 1, 
        $$2020-07-06T15:00:00.000Z$$, $$2020-07-12T00:00:00.000Z$$);
insert into 
    rcglavc."Participation"("id", "user_id", "session_id", "role_id", "start", "end")
    values (35, 19, 1, 2, 
        $$2020-07-06T15:00:00.000Z$$, $$2020-07-12T00:00:00.000Z$$);
insert into 
    rcglavc."Participation"("id", "user_id", "session_id", "role_id", "start", "end")
    values (36, 20, 1, 0, 
        $$2020-07-06T15:00:00.000Z$$, $$2020-07-12T00:00:00.000Z$$);
insert into 
    rcglavc."Participation"("id", "user_id", "session_id", "role_id", "start", "end")
    values (37, 20, 1, 4, 
        $$2020-07-06T15:00:00.000Z$$, $$2020-07-12T00:00:00.000Z$$);
insert into 
    rcglavc."Participation"("id", "user_id", "session_id", "role_id", "start", "end")
    values (38, 21, 1, 1, 
        $$2020-07-06T15:00:00.000Z$$, $$2020-07-12T00:00:00.000Z$$);
insert into 
    rcglavc."Participation"("id", "user_id", "session_id", "role_id", "start", "end")
    values (39, 21, 1, 5, 
        $$2020-07-06T15:00:00.000Z$$, $$2020-07-12T00:00:00.000Z$$);
insert into 
    rcglavc."Participation"("id", "user_id", "session_id", "role_id", "start", "end")
    values (40, 22, 1, 1, 
        $$2020-07-06T15:00:00.000Z$$, $$2020-07-12T00:00:00.000Z$$);
insert into 
    rcglavc."Participation"("id", "user_id", "session_id", "role_id", "start", "end")
    values (41, 22, 1, 5, 
        $$2020-07-06T15:00:00.000Z$$, $$2020-07-12T00:00:00.000Z$$);
insert into 
    rcglavc."Participation"("id", "user_id", "session_id", "role_id", "start", "end")
    values (42, 23, 1, 0, 
        $$2020-07-06T15:00:00.000Z$$, $$2020-07-12T00:00:00.000Z$$);
insert into 
    rcglavc."Participation"("id", "user_id", "session_id", "role_id", "start", "end")
    values (43, 23, 1, 4, 
        $$2020-07-06T15:00:00.000Z$$, $$2020-07-12T00:00:00.000Z$$);
insert into 
    rcglavc."Participation"("id", "user_id", "session_id", "role_id", "start", "end")
    values (44, 24, 1, 1, 
        $$2020-07-06T15:00:00.000Z$$, $$2020-07-12T00:00:00.000Z$$);
insert into 
    rcglavc."Participation"("id", "user_id", "session_id", "role_id", "start", "end")
    values (45, 24, 1, 5, 
        $$2020-07-06T15:00:00.000Z$$, $$2020-07-12T00:00:00.000Z$$);
insert into 
    rcglavc."Participation"("id", "user_id", "session_id", "role_id", "start", "end")
    values (46, 25, 1, 0, 
        $$2020-07-06T15:00:00.000Z$$, $$2020-07-12T00:00:00.000Z$$);
insert into 
    rcglavc."Participation"("id", "user_id", "session_id", "role_id", "start", "end")
    values (47, 25, 1, 3, 
        $$2020-07-06T15:00:00.000Z$$, $$2020-07-12T00:00:00.000Z$$);
insert into 
    rcglavc."Participation"("id", "user_id", "session_id", "role_id", "start", "end")
    values (48, 26, 1, 1, 
        $$2020-07-06T15:00:00.000Z$$, $$2020-07-12T00:00:00.000Z$$);
insert into 
    rcglavc."Participation"("id", "user_id", "session_id", "role_id", "start", "end")
    values (49, 26, 1, 5, 
        $$2020-07-06T15:00:00.000Z$$, $$2020-07-12T00:00:00.000Z$$);
insert into 
    rcglavc."Participation"("id", "user_id", "session_id", "role_id", "start", "end")
    values (50, 27, 1, 7, 
        $$2020-07-06T15:00:00.000Z$$, $$2020-07-12T00:00:00.000Z$$);
insert into 
    rcglavc."Participation"("id", "user_id", "session_id", "role_id", "start", "end")
    values (51, 28, 1, 1, 
        $$2020-07-06T15:00:00.000Z$$, $$2020-07-12T00:00:00.000Z$$);
insert into 
    rcglavc."Participation"("id", "user_id", "session_id", "role_id", "start", "end")
    values (52, 28, 1, 2, 
        $$2020-07-06T15:00:00.000Z$$, $$2020-07-12T00:00:00.000Z$$);
insert into 
    rcglavc."Participation"("id", "user_id", "session_id", "role_id", "start", "end")
    values (53, 29, 1, 1, 
        $$2020-07-06T15:00:00.000Z$$, $$2020-07-12T00:00:00.000Z$$);
insert into 
    rcglavc."Participation"("id", "user_id", "session_id", "role_id", "start", "end")
    values (54, 29, 1, 2, 
        $$2020-07-06T15:00:00.000Z$$, $$2020-07-12T00:00:00.000Z$$);
insert into 
    rcglavc."Participation"("id", "user_id", "session_id", "role_id", "start", "end")
    values (55, 30, 1, 0, 
        $$2020-07-06T15:00:00.000Z$$, $$2020-07-12T00:00:00.000Z$$);
insert into 
    rcglavc."Participation"("id", "user_id", "session_id", "role_id", "start", "end")
    values (56, 30, 1, 4, 
        $$2020-07-06T15:00:00.000Z$$, $$2020-07-12T00:00:00.000Z$$);
insert into 
    rcglavc."Participation"("id", "user_id", "session_id", "role_id", "start", "end")
    values (57, 31, 1, 0, 
        $$2020-07-06T15:00:00.000Z$$, $$2020-07-12T00:00:00.000Z$$);
insert into 
    rcglavc."Participation"("id", "user_id", "session_id", "role_id", "start", "end")
    values (58, 31, 1, 4, 
        $$2020-07-06T15:00:00.000Z$$, $$2020-07-12T00:00:00.000Z$$);
insert into 
    rcglavc."Participation"("id", "user_id", "session_id", "role_id", "start", "end")
    values (59, 32, 1, 0, 
        $$2020-07-06T15:00:00.000Z$$, $$2020-07-12T00:00:00.000Z$$);
insert into 
    rcglavc."Participation"("id", "user_id", "session_id", "role_id", "start", "end")
    values (60, 32, 1, 4, 
        $$2020-07-06T15:00:00.000Z$$, $$2020-07-12T00:00:00.000Z$$);
insert into 
    rcglavc."Participation"("id", "user_id", "session_id", "role_id", "start", "end")
    values (61, 33, 1, 7, 
        $$2020-07-06T15:00:00.000Z$$, $$2020-07-12T00:00:00.000Z$$);
insert into 
    rcglavc."Participation"("id", "user_id", "session_id", "role_id", "start", "end")
    values (62, 34, 1, 1, 
        $$2020-07-06T15:00:00.000Z$$, $$2020-07-12T00:00:00.000Z$$);
insert into 
    rcglavc."Participation"("id", "user_id", "session_id", "role_id", "start", "end")
    values (63, 34, 1, 5, 
        $$2020-07-06T15:00:00.000Z$$, $$2020-07-12T00:00:00.000Z$$);
insert into 
    rcglavc."Participation"("id", "user_id", "session_id", "role_id", "start", "end")
    values (64, 35, 1, 0, 
        $$2020-07-06T15:00:00.000Z$$, $$2020-07-12T00:00:00.000Z$$);
insert into 
    rcglavc."Participation"("id", "user_id", "session_id", "role_id", "start", "end")
    values (65, 35, 1, 3, 
        $$2020-07-06T15:00:00.000Z$$, $$2020-07-12T00:00:00.000Z$$);
insert into 
    rcglavc."Participation"("id", "user_id", "session_id", "role_id", "start", "end")
    values (66, 36, 1, 0, 
        $$2020-07-06T15:00:00.000Z$$, $$2020-07-12T00:00:00.000Z$$);
insert into 
    rcglavc."Participation"("id", "user_id", "session_id", "role_id", "start", "end")
    values (67, 36, 1, 3, 
        $$2020-07-06T15:00:00.000Z$$, $$2020-07-12T00:00:00.000Z$$);
insert into 
    rcglavc."Participation"("id", "user_id", "session_id", "role_id", "start", "end")
    values (68, 37, 1, 0, 
        $$2020-07-06T15:00:00.000Z$$, $$2020-07-12T00:00:00.000Z$$);
insert into 
    rcglavc."Participation"("id", "user_id", "session_id", "role_id", "start", "end")
    values (69, 37, 1, 3, 
        $$2020-07-06T15:00:00.000Z$$, $$2020-07-12T00:00:00.000Z$$);
insert into 
    rcglavc."Participation"("id", "user_id", "session_id", "role_id", "start", "end")
    values (70, 38, 1, 7, 
        $$2020-07-06T15:00:00.000Z$$, $$2020-07-12T00:00:00.000Z$$);
insert into 
    rcglavc."Participation"("id", "user_id", "session_id", "role_id", "start", "end")
    values (71, 39, 1, 7, 
        $$2020-07-06T15:00:00.000Z$$, $$2020-07-12T00:00:00.000Z$$);
insert into 
    rcglavc."Participation"("id", "user_id", "session_id", "role_id", "start", "end")
    values (72, 40, 1, 7, 
        $$2020-07-06T15:00:00.000Z$$, $$2020-07-12T00:00:00.000Z$$);
insert into 
    rcglavc."Participation"("id", "user_id", "session_id", "role_id", "start", "end")
    values (73, 0, 1, 26, 
        $$2020-01-01T07:00:00.000Z$$, $$2021-01-01T06:59:00.000Z$$);