\c :dbname
create extension if not exists pgcrypto;
insert into rcglavc."Logins"("id", "email", "password", "type") 
    values 
    (0, $$betro@example.com$$, crypt('dancingpaint', gen_salt('bf')), $$ADMIN$$ );
insert into rcglavc."Logins"("id", "email", "password", "type") 
    values 
    (1, $$Maritza_Morissette14@example.com$$, crypt('dancingpaint', gen_salt('bf')), $$USER$$ );
insert into rcglavc."Logins"("id", "email", "password", "type") 
    values 
    (2, $$Terrance91@example.org$$, crypt('dancingpaint', gen_salt('bf')), $$USER$$ );
insert into rcglavc."Logins"("id", "email", "password", "type") 
    values 
    (3, $$Marisa_Treutel@example.org$$, crypt('dancingpaint', gen_salt('bf')), $$USER$$ );
insert into rcglavc."Logins"("id", "email", "password", "type") 
    values 
    (4, $$Abbigail60@example.net$$, crypt('dancingpaint', gen_salt('bf')), $$USER$$ );
insert into rcglavc."Logins"("id", "email", "password", "type") 
    values 
    (5, $$Zachariah78@example.com$$, crypt('dancingpaint', gen_salt('bf')), $$USER$$ );
insert into rcglavc."Logins"("id", "email", "password", "type") 
    values 
    (6, $$Jon.Howell52@example.org$$, crypt('dancingpaint', gen_salt('bf')), $$USER$$ );
insert into rcglavc."Logins"("id", "email", "password", "type") 
    values 
    (7, $$Clifton.Wolff14@example.com$$, crypt('dancingpaint', gen_salt('bf')), $$USER$$ );
insert into rcglavc."Logins"("id", "email", "password", "type") 
    values 
    (8, $$Zackary_Greenholt@example.com$$, crypt('dancingpaint', gen_salt('bf')), $$USER$$ );
insert into rcglavc."Logins"("id", "email", "password", "type") 
    values 
    (9, $$Adolphus.Corkery@example.com$$, crypt('dancingpaint', gen_salt('bf')), $$USER$$ );
insert into rcglavc."Logins"("id", "email", "password", "type") 
    values 
    (10, $$Tyreek88@example.com$$, crypt('dancingpaint', gen_salt('bf')), $$USER$$ );insert into rcglavc."Logins"("id", "email", "password", "type") 
    values 
    (11, $$Garland.Cassin@example.com$$, crypt('dancingpaint', gen_salt('bf')), $$USER$$ );
insert into rcglavc."Logins"("id", "email", "password", "type") 
    values 
    (12, $$Jaylen.Hermiston74@example.com$$, crypt('dancingpaint', gen_salt('bf')), $$USER$$ );
insert into rcglavc."Logins"("id", "email", "password", "type") 
    values 
    (13, $$Dalton.Reichel@example.net$$, crypt('dancingpaint', gen_salt('bf')), $$USER$$ );
insert into rcglavc."Logins"("id", "email", "password", "type") 
    values 
    (14, $$Maximillia_Wehner@example.com$$, crypt('dancingpaint', gen_salt('bf')), $$USER$$ );
insert into rcglavc."Logins"("id", "email", "password", "type") 
    values 
    (15, $$Lucie29@example.org$$, crypt('dancingpaint', gen_salt('bf')), $$USER$$ );
insert into rcglavc."Logins"("id", "email", "password", "type") 
    values 
    (16, $$Oliver.Veum@example.org$$, crypt('dancingpaint', gen_salt('bf')), $$USER$$ );
insert into rcglavc."Logins"("id", "email", "password", "type") 
    values 
    (17, $$Horace76@example.com$$, crypt('dancingpaint', gen_salt('bf')), $$USER$$ );
insert into rcglavc."Logins"("id", "email", "password", "type") 
    values 
    (18, $$Vance6@example.com$$, crypt('dancingpaint', gen_salt('bf')), $$USER$$ );
insert into rcglavc."Logins"("id", "email", "password", "type") 
    values 
    (19, $$Augustine.Mitchell@example.com$$, crypt('dancingpaint', gen_salt('bf')), $$USER$$ );
insert into rcglavc."Logins"("id", "email", "password", "type") 
    values 
    (20, $$Dario.Schinner73@example.com$$, crypt('dancingpaint', gen_salt('bf')), $$USER$$ );
insert into rcglavc."Logins"("id", "email", "password", "type") 
    values 
    (21, $$Jaydon.Schinner74@example.org$$, crypt('dancingpaint', gen_salt('bf')), $$USER$$ );
insert into rcglavc."Logins"("id", "email", "password", "type") 
    values 
    (22, $$Belle_Sauer@example.com$$, crypt('dancingpaint', gen_salt('bf')), $$USER$$ );
insert into rcglavc."Logins"("id", "email", "password", "type") 
    values 
    (23, $$Margarett45@example.net$$, crypt('dancingpaint', gen_salt('bf')), $$USER$$ );
insert into rcglavc."Logins"("id", "email", "password", "type") 
    values 
    (24, $$Chyna95@example.com$$, crypt('dancingpaint', gen_salt('bf')), $$USER$$ );
insert into rcglavc."Logins"("id", "email", "password", "type") 
    values 
    (25, $$Enoch.Schoen@example.com$$, crypt('dancingpaint', gen_salt('bf')), $$USER$$ );
insert into rcglavc."Logins"("id", "email", "password", "type") 
    values 
    (26, $$Lucy20@example.org$$, crypt('dancingpaint', gen_salt('bf')), $$USER$$ );
insert into rcglavc."Logins"("id", "email", "password", "type") 
    values 
    (27, $$Evan_OKeefe45@example.com$$, crypt('dancingpaint', gen_salt('bf')), $$USER$$ );
insert into rcglavc."Logins"("id", "email", "password", "type") 
    values 
    (28, $$Malcolm.Yost@example.com$$, crypt('dancingpaint', gen_salt('bf')), $$USER$$ );
insert into rcglavc."Logins"("id", "email", "password", "type") 
    values 
    (29, $$Aliyah_Shanahan@example.com$$, crypt('dancingpaint', gen_salt('bf')), $$USER$$ );
insert into rcglavc."Logins"("id", "email", "password", "type") 
    values 
    (30, $$Raven.Dach@example.org$$, crypt('dancingpaint', gen_salt('bf')), $$USER$$ );
insert into rcglavc."Logins"("id", "email", "password", "type") 
    values 
    (31, $$Desiree_Schuppe@example.com$$, crypt('dancingpaint', gen_salt('bf')), $$USER$$ );
insert into rcglavc."Logins"("id", "email", "password", "type") 
    values 
    (32, $$Chaya23@example.com$$, crypt('dancingpaint', gen_salt('bf')), $$USER$$ );
insert into rcglavc."Logins"("id", "email", "password", "type") 
    values 
    (33, $$Wilmer_Leuschke@example.com$$, crypt('dancingpaint', gen_salt('bf')), $$USER$$ );
insert into rcglavc."Logins"("id", "email", "password", "type") 
    values 
    (34, $$Hellen43@example.com$$, crypt('dancingpaint', gen_salt('bf')), $$USER$$ );
insert into rcglavc."Logins"("id", "email", "password", "type") 
    values 
    (35, $$Kayla_Stroman3@example.com$$, crypt('dancingpaint', gen_salt('bf')), $$USER$$ );
insert into rcglavc."Logins"("id", "email", "password", "type") 
    values 
    (36, $$Malika_Hammes82@example.org$$, crypt('dancingpaint', gen_salt('bf')), $$USER$$ );
insert into rcglavc."Logins"("id", "email", "password", "type") 
    values 
    (37, $$Augusta_Murazik@example.net$$, crypt('dancingpaint', gen_salt('bf')), $$USER$$ );
insert into rcglavc."Logins"("id", "email", "password", "type") 
    values 
    (38, $$Pearlie16@example.org$$, crypt('dancingpaint', gen_salt('bf')), $$USER$$ );
insert into rcglavc."Logins"("id", "email", "password", "type") 
    values 
    (39, $$Brenda85@example.net$$, crypt('dancingpaint', gen_salt('bf')), $$USER$$ );
insert into rcglavc."Logins"("id", "email", "password", "type") 
    values 
    (40, $$Maybelle.Schowalter5@example.com$$, crypt('dancingpaint', gen_salt('bf')), $$USER$$ );insert into 
    rcglavc."Users"("id", "login_id", "name", "address", "phone", 
        "allergies", "tshirt_size", "meal_pref", "emergency_contact_1", "emergency_contact_2", 
        "bio", "photo_url")
    values
    (0, 0, $$Betro$$, $$539 Ledner Court Suite 825$$, 
        $$080-328-1543$$, $$$$, $$S$$, $$VEGAN$$, 
        $$Rhett Corwin 599.601.2400 x05871$$, $$Roslyn Hamill 617-307-3036 x9330$$, 
        $$Voluptatem in non et sapiente. Tempore magni repellendus amet iure. Assumenda ipsum optio occaecati ducimus odit sed quia velit. Qui aut blanditiis. Suscipit quisquam non. Quibusdam hic voluptatem impedit pariatur velit.$$, $$/images/fakeProfiles/sidbed.png$$);
insert into 
    rcglavc."Users"("id", "login_id", "name", "address", "phone", 
        "allergies", "tshirt_size", "meal_pref", "emergency_contact_1", "emergency_contact_2", 
        "bio", "photo_url")
    values
    (1, 1, $$Maritza Morissette$$, $$0119 Kaya Light Suite 735$$, 
        $$470-681-3099 x164$$, $$None$$, $$L$$, $$OMNIVORE$$, 
        $$Gloria Rosenbaum DDS 855.418.5774 x5082$$, $$Coty Kovacek 187.177.2990 x42023$$, 
        $$Officia est dolorem ut numquam repellat similique et repellendus. Laboriosam eaque dolores dicta in consequatur est et et. Quis in nisi adipisci quasi error quas ut.$$, $$/images/fakeProfiles/sidbed.png$$);
insert into 
    rcglavc."Users"("id", "login_id", "name", "address", "phone", 
        "allergies", "tshirt_size", "meal_pref", "emergency_contact_1", "emergency_contact_2", 
        "bio", "photo_url")
    values
    (2, 2, $$Terrance Kirlin$$, $$32628 Annabell Prairie Apt. 262$$, 
        $$(215) 059-8038$$, $$$$, $$XL$$, $$OMNIVORE$$, 
        $$Miss Rachel McKenzie (840) 423-7744 x45204$$, $$Chris Bartell 011-372-2291 x567$$, 
        $$Animi blanditiis aspernatur dolor rerum facere asperiores repellendus. Odit dolor quia quo ad amet consequatur. Quaerat nesciunt quia iste. Quae voluptates omnis ipsa ea.$$, $$/images/fakeProfiles/tigerface.png$$);
insert into 
    rcglavc."Users"("id", "login_id", "name", "address", "phone", 
        "allergies", "tshirt_size", "meal_pref", "emergency_contact_1", "emergency_contact_2", 
        "bio", "photo_url")
    values
    (3, 3, $$Marisa Treutel$$, $$175 Glennie Bypass Suite 990$$, 
        $$(732) 020-2869$$, $$Strawberries and mango$$, $$XS$$, $$OMNIVORE$$, 
        $$Meghan Lebsack 1-091-782-3537 x9856$$, $$Nat Nader (983) 064-7945$$, 
        $$Deleniti sed nihil illum culpa. Molestias et debitis ut omnis quia. Minima commodi et rem error deleniti. Numquam ipsum id.$$, $$/images/fakeProfiles/sidbed.png$$);
insert into 
    rcglavc."Users"("id", "login_id", "name", "address", "phone", 
        "allergies", "tshirt_size", "meal_pref", "emergency_contact_1", "emergency_contact_2", 
        "bio", "photo_url")
    values
    (4, 4, $$Abbigail Reichel$$, $$032 Goodwin Passage Apt. 652$$, 
        $$1-200-950-9243 x709$$, $$None$$, $$XL$$, $$VEGAN$$, 
        $$Julius Little 1-157-221-7363 x809$$, $$Merlin Ernser (518) 226-1357$$, 
        $$Aut tempore aperiam rem rerum commodi ea. Error atque ut et. Accusamus reiciendis esse. Eos soluta animi praesentium. Neque ut debitis voluptate earum. Qui quibusdam deserunt culpa.$$, $$/images/fakeProfiles/pinto.png$$);
insert into 
    rcglavc."Users"("id", "login_id", "name", "address", "phone", 
        "allergies", "tshirt_size", "meal_pref", "emergency_contact_1", "emergency_contact_2", 
        "bio", "photo_url")
    values
    (5, 5, $$Zachariah O'Conner$$, $$798 Kemmer Harbor Suite 663$$, 
        $$874.475.8243$$, $$Strawberries and mango$$, $$L$$, $$OMNIVORE$$, 
        $$Ellen Mitchell 412-395-4554 x23129$$, $$Madie Schmidt 601.322.5216$$, 
        $$Dolores possimus quae totam deleniti et officiis. Ut est quo. Aut et id qui sunt deleniti blanditiis. Animi rem quia nesciunt dolorem. Aut dicta maiores ut at laboriosam. Aut voluptates et vel cumque et sunt rerum est tempora.$$, $$/images/fakeProfiles/sidpark.png$$);
insert into 
    rcglavc."Users"("id", "login_id", "name", "address", "phone", 
        "allergies", "tshirt_size", "meal_pref", "emergency_contact_1", "emergency_contact_2", 
        "bio", "photo_url")
    values
    (6, 6, $$Jon Howell$$, $$609 Rippin Corner Apt. 855$$, 
        $$(080) 131-9503 x263$$, $$Dairy$$, $$L$$, $$OMNIVORE$$, 
        $$Jackie Blick 1-497-996-3469$$, $$Miss Joshuah Brown 1-686-282-1628$$, 
        $$Omnis quia dignissimos cupiditate. Est accusamus nihil quis id velit. Maxime ullam alias quibusdam id amet dolorum alias est quod.$$, $$/images/fakeProfiles/sidbed.png$$);
insert into 
    rcglavc."Users"("id", "login_id", "name", "address", "phone", 
        "allergies", "tshirt_size", "meal_pref", "emergency_contact_1", "emergency_contact_2", 
        "bio", "photo_url")
    values
    (7, 7, $$Clifton Wolff$$, $$110 Konopelski Summit Apt. 948$$, 
        $$(295) 127-5194 x092$$, $$$$, $$L$$, $$VEGAN$$, 
        $$Ebony Davis 1-931-704-7071 x189$$, $$Shyann Swift 223.327.0535 x99617$$, 
        $$Nihil numquam debitis. Maiores sapiente a nam odio. Laboriosam quam vel ea reiciendis dolore occaecati sed nulla. Ratione quas eius sed tempore. Repellat eos iusto facilis cum. Rerum sapiente facere ut quae dolores.$$, $$/images/fakeProfiles/sidpark.png$$);
insert into 
    rcglavc."Users"("id", "login_id", "name", "address", "phone", 
        "allergies", "tshirt_size", "meal_pref", "emergency_contact_1", "emergency_contact_2", 
        "bio", "photo_url")
    values
    (8, 8, $$Zackary Greenholt$$, $$846 Gene Lane Suite 810$$, 
        $$790.361.9595 x277$$, $$Dairy$$, $$XL$$, $$OMNIVORE$$, 
        $$Christelle Bahringer (047) 593-2519$$, $$Lera Willms 058-530-7789$$, 
        $$Est repudiandae iure temporibus vero et soluta. Voluptates et non libero voluptatem aperiam quia qui reiciendis dignissimos. Quisquam autem sit molestias aut ipsam rerum est est.$$, $$/images/fakeProfiles/cathead.png$$);
insert into 
    rcglavc."Users"("id", "login_id", "name", "address", "phone", 
        "allergies", "tshirt_size", "meal_pref", "emergency_contact_1", "emergency_contact_2", 
        "bio", "photo_url")
    values
    (9, 9, $$Adolphus Corkery$$, $$38603 Mia Way Apt. 323$$, 
        $$256-659-3935 x63798$$, $$$$, $$L$$, $$VEGAN$$, 
        $$Miss Heber Lueilwitz 184.595.2590$$, $$Aglae Spencer IV 946.527.1574$$, 
        $$Reprehenderit harum vel ipsum blanditiis laudantium temporibus quibusdam. Voluptate velit magnam minima non doloribus tenetur mollitia tempora. Cum consectetur facere nemo consectetur unde. Molestiae ipsa id aut quasi dolorem facilis.$$, $$/images/fakeProfiles/sidbed.png$$);
insert into 
    rcglavc."Users"("id", "login_id", "name", "address", "phone", 
        "allergies", "tshirt_size", "meal_pref", "emergency_contact_1", "emergency_contact_2", 
        "bio", "photo_url")
    values
    (10, 10, $$Tyreek Vandervort$$, $$04742 Verner Path Apt. 962$$, 
        $$(035) 483-6589 x365$$, $$Strawberries and mango$$, $$L$$, $$OMNIVORE$$, 
        $$Katarina Barrows 524-547-9469 x615$$, $$Vella Barton (848) 793-6956$$, 
        $$Iure et et autem recusandae quibusdam amet aut architecto. Laborum iusto et quidem quibusdam dicta laudantium. Voluptas quod ut asperiores doloribus. Laboriosam dolor iusto voluptatem debitis est distinctio illum velit illo. Aut aperiam amet.$$, $$/images/fakeProfiles/tigerface.png$$);insert into 
    rcglavc."Users"("id", "login_id", "name", "address", "phone", 
        "allergies", "tshirt_size", "meal_pref", "emergency_contact_1", "emergency_contact_2", 
        "bio", "photo_url")
    values
    (11, 11, $$Garland Cassin$$, $$4469 Walker Pines Apt. 239$$, 
        $$(851) 574-3051$$, $$Dairy$$, $$M$$, $$VEGAN$$, 
        $$Myles Mante 1-247-299-1450$$, $$Nicholaus Osinski PhD 235.325.2211 x52534$$, 
        $$Labore laudantium dolores doloribus perferendis et qui nulla excepturi eos. Eveniet eos doloremque distinctio excepturi quis est et veritatis. Omnis sed quis iusto sint. Aspernatur autem perferendis quis sint.$$, $$/images/fakeProfiles/pinto.png$$);
insert into 
    rcglavc."Users"("id", "login_id", "name", "address", "phone", 
        "allergies", "tshirt_size", "meal_pref", "emergency_contact_1", "emergency_contact_2", 
        "bio", "photo_url")
    values
    (12, 12, $$Jaylen Hermiston$$, $$2365 Wintheiser Extension Apt. 286$$, 
        $$084.813.1547$$, $$Strawberries and mango$$, $$L$$, $$VEGAN$$, 
        $$Dee Bartoletti (437) 191-3226$$, $$Daisha Swift 511-749-1021 x072$$, 
        $$Molestiae cupiditate sit et ut saepe sint. Iste vitae recusandae in quia placeat delectus nemo. Sit ducimus ipsa quasi dolores sed. Voluptate et sed nihil sed reprehenderit labore veniam. Ut nihil recusandae. Eligendi aut et pariatur excepturi molestiae.$$, $$/images/fakeProfiles/tigercave.png$$);
insert into 
    rcglavc."Users"("id", "login_id", "name", "address", "phone", 
        "allergies", "tshirt_size", "meal_pref", "emergency_contact_1", "emergency_contact_2", 
        "bio", "photo_url")
    values
    (13, 13, $$Dalton Reichel$$, $$0951 Jordy Fort Suite 503$$, 
        $$170-673-8947 x08494$$, $$None$$, $$XL$$, $$VEGAN$$, 
        $$Israel White 113.901.7058 x39018$$, $$Nakia Mayert (674) 520-1987 x88283$$, 
        $$Eum cupiditate consequatur aut. Dicta culpa possimus enim veniam earum voluptatem eum veniam debitis. Dignissimos ea voluptas ut aliquid mollitia quae dolor nisi voluptatem. Vel perspiciatis sunt dolorem nostrum facilis id natus perferendis. Ducimus ea dignissimos excepturi et facilis officiis.$$, $$/images/fakeProfiles/tigercave.png$$);
insert into 
    rcglavc."Users"("id", "login_id", "name", "address", "phone", 
        "allergies", "tshirt_size", "meal_pref", "emergency_contact_1", "emergency_contact_2", 
        "bio", "photo_url")
    values
    (14, 14, $$Maximillia Wehner$$, $$6034 Dooley Manors Apt. 288$$, 
        $$927.103.9525$$, $$Dairy$$, $$M$$, $$VEGETARIAN$$, 
        $$Carlo Schumm (424) 478-8196 x1327$$, $$Kamren Konopelski (489) 758-5164 x822$$, 
        $$Alias rerum distinctio in minima eveniet sit. Sed illo sint eum quia ab ad. Corporis aut veniam vel repellat. Laborum ea voluptatem est rerum numquam cupiditate. Non non consequatur consequuntur vitae ut ut modi voluptatum. Esse accusantium quos laudantium veritatis modi eveniet iure ut alias.$$, $$/images/fakeProfiles/sidbed.png$$);
insert into 
    rcglavc."Users"("id", "login_id", "name", "address", "phone", 
        "allergies", "tshirt_size", "meal_pref", "emergency_contact_1", "emergency_contact_2", 
        "bio", "photo_url")
    values
    (15, 15, $$Lucie Cartwright$$, $$791 Heller Vista Apt. 358$$, 
        $$717-152-5677$$, $$None$$, $$XL$$, $$VEGETARIAN$$, 
        $$Triston Beier (675) 111-4986 x0808$$, $$Shana Kessler 350-735-1994 x90447$$, 
        $$Dignissimos qui aut hic praesentium sint. Maiores rerum quo autem porro. Commodi repellendus totam ipsa ut velit aut dicta. Ratione est illum. Tempora eum soluta illo non beatae atque.$$, $$/images/fakeProfiles/babyb.png$$);
insert into 
    rcglavc."Users"("id", "login_id", "name", "address", "phone", 
        "allergies", "tshirt_size", "meal_pref", "emergency_contact_1", "emergency_contact_2", 
        "bio", "photo_url")
    values
    (16, 16, $$Oliver Veum$$, $$3543 Allen Island Suite 410$$, 
        $$(181) 395-1272 x0160$$, $$Gluten$$, $$XS$$, $$OMNIVORE$$, 
        $$Dahlia Eichmann 193-428-1040 x18357$$, $$Miss John Lubowitz 1-254-328-3551 x8893$$, 
        $$Autem est officia consequatur unde. Consectetur eos eum sapiente eum architecto. Totam voluptatem vero et ducimus. Porro ab quos ullam inventore sed dolorem. Molestiae ipsam reprehenderit qui exercitationem.$$, $$/images/fakeProfiles/sidbed.png$$);
insert into 
    rcglavc."Users"("id", "login_id", "name", "address", "phone", 
        "allergies", "tshirt_size", "meal_pref", "emergency_contact_1", "emergency_contact_2", 
        "bio", "photo_url")
    values
    (17, 17, $$Horace Weimann$$, $$2634 Graham Loaf Suite 508$$, 
        $$604.032.3479$$, $$Dairy$$, $$L$$, $$VEGAN$$, 
        $$Dr. Quentin Kunde (471) 572-6768 x54680$$, $$Dejah Parisian 1-710-846-2041$$, 
        $$Est natus vero autem. Quae tempora numquam molestias et numquam repellat sed. Exercitationem ut distinctio odit facere ab consequatur quo aliquid. Eius illum quae dolor tenetur enim. Culpa quia error libero culpa ipsam.$$, $$/images/fakeProfiles/sidpark.png$$);
insert into 
    rcglavc."Users"("id", "login_id", "name", "address", "phone", 
        "allergies", "tshirt_size", "meal_pref", "emergency_contact_1", "emergency_contact_2", 
        "bio", "photo_url")
    values
    (18, 18, $$Vance Sauer$$, $$221 Lemke Greens Suite 604$$, 
        $$175-080-2501 x26921$$, $$None$$, $$XS$$, $$VEGAN$$, 
        $$Hazel Bayer 378.022.0380$$, $$Kamron Stroman 955-064-2004$$, 
        $$Similique commodi rerum reprehenderit aliquid. Quo qui sunt debitis officia aut eligendi quia et nisi. Vitae illo suscipit assumenda eos qui non eos. Maiores est tenetur quibusdam voluptates et repellat tempore saepe.$$, $$/images/fakeProfiles/sidpark.png$$);
insert into 
    rcglavc."Users"("id", "login_id", "name", "address", "phone", 
        "allergies", "tshirt_size", "meal_pref", "emergency_contact_1", "emergency_contact_2", 
        "bio", "photo_url")
    values
    (19, 19, $$Augustine Mitchell$$, $$996 Anderson Hollow Apt. 063$$, 
        $$(057) 509-9553 x715$$, $$None$$, $$XS$$, $$VEGETARIAN$$, 
        $$Jamel Becker DDS 732.421.8422 x22582$$, $$Amy Thompson DDS 068.217.1071 x243$$, 
        $$Atque optio quia enim rem dicta aspernatur ad nostrum. Ex perferendis et praesentium culpa et dolor aut neque. Ut eum aut et aliquam accusantium et.$$, $$/images/fakeProfiles/tigercave.png$$);
insert into 
    rcglavc."Users"("id", "login_id", "name", "address", "phone", 
        "allergies", "tshirt_size", "meal_pref", "emergency_contact_1", "emergency_contact_2", 
        "bio", "photo_url")
    values
    (20, 20, $$Dario Schinner$$, $$866 Maureen Landing Suite 707$$, 
        $$1-152-211-0672 x664$$, $$Nope!$$, $$XL$$, $$OMNIVORE$$, 
        $$Angus Stark (393) 095-9440$$, $$Giovanna Renner (935) 461-3963$$, 
        $$Quos consequatur impedit omnis quidem perferendis et quia. Earum delectus repellat. Dolor maxime officia qui maxime aliquam est. Illo quia dolorem nemo ratione voluptatem et fugit. Voluptas delectus dolorem maiores exercitationem aut aliquam tenetur non quia. Ex dolorem quidem voluptate tempora.$$, $$/images/fakeProfiles/sidbed.png$$);
insert into 
    rcglavc."Users"("id", "login_id", "name", "address", "phone", 
        "allergies", "tshirt_size", "meal_pref", "emergency_contact_1", "emergency_contact_2", 
        "bio", "photo_url")
    values
    (21, 21, $$Jaydon Schinner$$, $$7312 Imogene Station Apt. 998$$, 
        $$(553) 806-2135 x4054$$, $$Nope!$$, $$L$$, $$OMNIVORE$$, 
        $$Furman Bernier 142-799-8553 x60460$$, $$Cooper Frami 298-333-3623 x49633$$, 
        $$Sed itaque similique. Aut ducimus cupiditate. Reprehenderit impedit autem non asperiores nam eligendi.$$, $$/images/fakeProfiles/pinto.png$$);
insert into 
    rcglavc."Users"("id", "login_id", "name", "address", "phone", 
        "allergies", "tshirt_size", "meal_pref", "emergency_contact_1", "emergency_contact_2", 
        "bio", "photo_url")
    values
    (22, 22, $$Belle Sauer$$, $$1138 Wintheiser Summit Suite 098$$, 
        $$630-224-7599 x357$$, $$Gluten$$, $$XL$$, $$VEGETARIAN$$, 
        $$Orin Legros 1-047-293-8219 x342$$, $$Kenyatta Labadie 229-241-3891 x70988$$, 
        $$Modi dicta quis et architecto hic facilis. Repellat sint vel totam est. Vel unde velit a illum reiciendis incidunt molestiae nihil voluptatum. At sunt non voluptatem voluptas et omnis eius odio.$$, $$/images/fakeProfiles/cathead.png$$);
insert into 
    rcglavc."Users"("id", "login_id", "name", "address", "phone", 
        "allergies", "tshirt_size", "meal_pref", "emergency_contact_1", "emergency_contact_2", 
        "bio", "photo_url")
    values
    (23, 23, $$Margarett Cassin$$, $$64101 Candido Branch Apt. 040$$, 
        $$556.563.7962 x0202$$, $$Nope!$$, $$XL$$, $$VEGAN$$, 
        $$Anibal Rath 1-745-443-4326$$, $$Susanna Kassulke 1-526-149-6530 x90512$$, 
        $$Nemo nam asperiores et. Reiciendis omnis facere modi. Atque aut voluptas ipsam odit dolor ut est ea blanditiis. Iusto assumenda non cupiditate consequatur deserunt dolores necessitatibus et sunt. Ab placeat fugit itaque rerum quaerat aperiam.$$, $$/images/fakeProfiles/tigercave.png$$);
insert into 
    rcglavc."Users"("id", "login_id", "name", "address", "phone", 
        "allergies", "tshirt_size", "meal_pref", "emergency_contact_1", "emergency_contact_2", 
        "bio", "photo_url")
    values
    (24, 24, $$Chyna Reilly$$, $$0694 MacGyver Freeway Apt. 189$$, 
        $$609-584-9170 x243$$, $$Strawberries and mango$$, $$M$$, $$VEGETARIAN$$, 
        $$Bernice McClure 193-164-1336 x417$$, $$Jerrod Gorczany DDS 600-690-8843 x7461$$, 
        $$Dignissimos qui hic eos doloribus. Rerum animi et qui ut odio aliquid. Iusto voluptatem sunt atque explicabo assumenda est magni hic. Ipsa ut et quia. Numquam ducimus quis quia tempore et. Saepe rerum debitis corrupti sed et necessitatibus.$$, $$/images/fakeProfiles/cathead.png$$);
insert into 
    rcglavc."Users"("id", "login_id", "name", "address", "phone", 
        "allergies", "tshirt_size", "meal_pref", "emergency_contact_1", "emergency_contact_2", 
        "bio", "photo_url")
    values
    (25, 25, $$Enoch Schoen$$, $$375 Rickie Estates Suite 242$$, 
        $$389-191-4676 x8035$$, $$Nope!$$, $$M$$, $$VEGAN$$, 
        $$Waylon Spencer 991.448.3447 x1777$$, $$Chaim Kunde 446.111.6784 x0279$$, 
        $$Et numquam qui tempore est beatae sint a. Sit veritatis ut autem earum quibusdam aspernatur. Est voluptas aut et dolores vel placeat. Qui rerum est dolorem.$$, $$/images/fakeProfiles/babyb.png$$);
insert into 
    rcglavc."Users"("id", "login_id", "name", "address", "phone", 
        "allergies", "tshirt_size", "meal_pref", "emergency_contact_1", "emergency_contact_2", 
        "bio", "photo_url")
    values
    (26, 26, $$Lucy Beahan$$, $$858 Leila Coves Suite 271$$, 
        $$1-583-442-1433 x86302$$, $$Strawberries and mango$$, $$XL$$, $$VEGETARIAN$$, 
        $$Mittie Beier (106) 090-0958 x1127$$, $$Anastasia McCullough 343.554.4507 x0735$$, 
        $$Perferendis repudiandae odio nostrum molestias explicabo iure. Aut quo ut tempore molestiae voluptatem quos. Assumenda sint aliquam repellat minima reprehenderit aliquid.$$, $$/images/fakeProfiles/sidpark.png$$);
insert into 
    rcglavc."Users"("id", "login_id", "name", "address", "phone", 
        "allergies", "tshirt_size", "meal_pref", "emergency_contact_1", "emergency_contact_2", 
        "bio", "photo_url")
    values
    (27, 27, $$Evan O'Keefe$$, $$1456 Kuhlman Parks Apt. 812$$, 
        $$410-185-3794$$, $$None$$, $$M$$, $$VEGAN$$, 
        $$Braxton Boehm 659-447-7890$$, $$Desiree Hickle Jr. 414.215.9939 x76449$$, 
        $$Laborum maiores tenetur natus deserunt. Aut voluptas quo reprehenderit dolore et praesentium consequatur. Et quod dolores sit animi ut.$$, $$/images/fakeProfiles/tigercave.png$$);
insert into 
    rcglavc."Users"("id", "login_id", "name", "address", "phone", 
        "allergies", "tshirt_size", "meal_pref", "emergency_contact_1", "emergency_contact_2", 
        "bio", "photo_url")
    values
    (28, 28, $$Malcolm Yost$$, $$3532 Heathcote Forge Apt. 244$$, 
        $$(968) 165-8912 x4553$$, $$Dairy$$, $$M$$, $$VEGAN$$, 
        $$Eliseo Schmeler 495.799.1861 x6318$$, $$Ahmad Wilderman (127) 336-2076$$, 
        $$Asperiores delectus voluptatem consequuntur expedita amet voluptatem qui. Quis ut corrupti voluptas velit sit eius ipsa. Ad ea suscipit tempore saepe atque laboriosam. Ipsa quia quia qui laboriosam velit alias voluptas molestiae natus.$$, $$/images/fakeProfiles/sidbed.png$$);
insert into 
    rcglavc."Users"("id", "login_id", "name", "address", "phone", 
        "allergies", "tshirt_size", "meal_pref", "emergency_contact_1", "emergency_contact_2", 
        "bio", "photo_url")
    values
    (29, 29, $$Aliyah Shanahan$$, $$57254 Skiles Row Suite 503$$, 
        $$990.183.3487 x814$$, $$Gluten$$, $$XL$$, $$OMNIVORE$$, 
        $$Mr. Clark Toy 287.453.3099 x153$$, $$Mr. Verona Dibbert 1-838-371-6002$$, 
        $$Et ut sed repudiandae corporis deserunt velit sunt. Tenetur et sed iste repudiandae sint. Quibusdam quasi culpa et inventore aut eaque aut.$$, $$/images/fakeProfiles/cathead.png$$);
insert into 
    rcglavc."Users"("id", "login_id", "name", "address", "phone", 
        "allergies", "tshirt_size", "meal_pref", "emergency_contact_1", "emergency_contact_2", 
        "bio", "photo_url")
    values
    (30, 30, $$Raven Dach$$, $$49519 Connor Mountains Suite 367$$, 
        $$1-173-732-8155 x6442$$, $$Dairy$$, $$L$$, $$VEGAN$$, 
        $$Alda Block 404.632.1748$$, $$Libby Fay 956-740-2504 x727$$, 
        $$Sapiente voluptatibus odio tempora et doloribus eos debitis quaerat laudantium. Aut facere ratione eos recusandae neque maxime. Quas inventore quo. Et sint sit commodi quam. Porro voluptatem reprehenderit. Tempore dicta et repellendus eum.$$, $$/images/fakeProfiles/babyb.png$$);
insert into 
    rcglavc."Users"("id", "login_id", "name", "address", "phone", 
        "allergies", "tshirt_size", "meal_pref", "emergency_contact_1", "emergency_contact_2", 
        "bio", "photo_url")
    values
    (31, 31, $$Desiree Schuppe$$, $$8936 Fay Path Suite 872$$, 
        $$(167) 687-9185 x341$$, $$Strawberries and mango$$, $$XL$$, $$VEGAN$$, 
        $$Emmalee Morissette 1-628-256-3872 x229$$, $$Alverta Moen (459) 877-8369$$, 
        $$Quisquam non nemo non neque aperiam et odit aut illo. Esse inventore a velit. Perferendis non perspiciatis vero. Est vel aperiam vero unde nihil esse deleniti aperiam.$$, $$/images/fakeProfiles/tigerface.png$$);
insert into 
    rcglavc."Users"("id", "login_id", "name", "address", "phone", 
        "allergies", "tshirt_size", "meal_pref", "emergency_contact_1", "emergency_contact_2", 
        "bio", "photo_url")
    values
    (32, 32, $$Chaya Goldner$$, $$064 Nikolaus Shoals Suite 191$$, 
        $$1-399-791-0229 x6510$$, $$None$$, $$M$$, $$VEGETARIAN$$, 
        $$Monroe Mraz (322) 122-5307$$, $$Dejah Schroeder 457.526.4138$$, 
        $$Quod consequatur enim nesciunt ut. Nostrum sint vero fugiat qui non quia fugit. Consequatur voluptates omnis quasi sed non quo minima et. Quia voluptate et.$$, $$/images/fakeProfiles/babyb.png$$);
insert into 
    rcglavc."Users"("id", "login_id", "name", "address", "phone", 
        "allergies", "tshirt_size", "meal_pref", "emergency_contact_1", "emergency_contact_2", 
        "bio", "photo_url")
    values
    (33, 33, $$Wilmer Leuschke$$, $$458 Funk Crossing Apt. 266$$, 
        $$1-908-810-8453 x00974$$, $$None$$, $$M$$, $$OMNIVORE$$, 
        $$Chadrick Tromp (849) 295-2836$$, $$Mrs. Eriberto Wiza 489-161-1838 x06451$$, 
        $$Perspiciatis laborum deserunt blanditiis qui quod facilis quia officiis. Unde voluptatem eum laboriosam porro fugit quo ab repudiandae. Vero doloremque est et nesciunt accusamus ipsum ducimus facere voluptatem. Cupiditate aliquam in non possimus similique excepturi ratione libero.$$, $$/images/fakeProfiles/tigerface.png$$);
insert into 
    rcglavc."Users"("id", "login_id", "name", "address", "phone", 
        "allergies", "tshirt_size", "meal_pref", "emergency_contact_1", "emergency_contact_2", 
        "bio", "photo_url")
    values
    (34, 34, $$Hellen Prohaska$$, $$443 Juvenal Mountains Suite 849$$, 
        $$1-641-005-1708 x156$$, $$Gluten$$, $$M$$, $$VEGAN$$, 
        $$Dale Pollich 985.135.6074 x38765$$, $$Agnes Huel 1-785-164-9311 x0383$$, 
        $$Et voluptatibus et. Perferendis odit molestias sit ea ut itaque quod. Libero alias quam repudiandae impedit molestias voluptas qui optio recusandae.$$, $$/images/fakeProfiles/pinto.png$$);
insert into 
    rcglavc."Users"("id", "login_id", "name", "address", "phone", 
        "allergies", "tshirt_size", "meal_pref", "emergency_contact_1", "emergency_contact_2", 
        "bio", "photo_url")
    values
    (35, 35, $$Kayla Stroman$$, $$007 Derick Walk Apt. 372$$, 
        $$1-851-057-3759 x42072$$, $$None$$, $$L$$, $$OMNIVORE$$, 
        $$Mrs. Marianna Prosacco (611) 849-8773 x689$$, $$Hulda Shields (526) 562-2053 x27290$$, 
        $$Illum eos ullam excepturi explicabo sed voluptas cum quia provident. Qui accusantium accusamus suscipit. Ipsa ipsum harum saepe modi tempore iste ipsam excepturi. Voluptate aut autem maiores repellat esse.$$, $$/images/fakeProfiles/cathead.png$$);
insert into 
    rcglavc."Users"("id", "login_id", "name", "address", "phone", 
        "allergies", "tshirt_size", "meal_pref", "emergency_contact_1", "emergency_contact_2", 
        "bio", "photo_url")
    values
    (36, 36, $$Malika Hammes$$, $$922 Sporer Union Apt. 355$$, 
        $$1-456-659-7985 x456$$, $$Dairy$$, $$XL$$, $$VEGETARIAN$$, 
        $$Chloe Ferry 078.066.8696 x6971$$, $$Ms. Samara Leannon 1-333-339-8254 x10742$$, 
        $$Est voluptatem maxime. Est vel quos beatae cupiditate maxime eligendi illum. Repellat sapiente aperiam a deserunt est.$$, $$/images/fakeProfiles/tigerface.png$$);
insert into 
    rcglavc."Users"("id", "login_id", "name", "address", "phone", 
        "allergies", "tshirt_size", "meal_pref", "emergency_contact_1", "emergency_contact_2", 
        "bio", "photo_url")
    values
    (37, 37, $$Augusta Murazik$$, $$1064 Romaguera Via Suite 622$$, 
        $$1-397-960-9920 x094$$, $$Nope!$$, $$L$$, $$VEGETARIAN$$, 
        $$Miss Trinity Hirthe (646) 265-6339 x6103$$, $$Leonora Lueilwitz 101-457-9407 x4558$$, 
        $$Nihil ratione non aut quibusdam explicabo est vero. Beatae delectus quis. Et ut cum.$$, $$/images/fakeProfiles/sidpark.png$$);
insert into 
    rcglavc."Users"("id", "login_id", "name", "address", "phone", 
        "allergies", "tshirt_size", "meal_pref", "emergency_contact_1", "emergency_contact_2", 
        "bio", "photo_url")
    values
    (38, 38, $$Pearlie Schaefer$$, $$1821 Cartwright Ramp Apt. 896$$, 
        $$(080) 751-3580 x104$$, $$None$$, $$XL$$, $$OMNIVORE$$, 
        $$Kody Reichert 895.998.3994$$, $$Elias Reilly 658.475.6139 x48392$$, 
        $$Sed expedita est illum distinctio temporibus cupiditate autem. Ab minus nostrum placeat accusantium expedita. Nobis et odit quia et itaque.$$, $$/images/fakeProfiles/babyb.png$$);
insert into 
    rcglavc."Users"("id", "login_id", "name", "address", "phone", 
        "allergies", "tshirt_size", "meal_pref", "emergency_contact_1", "emergency_contact_2", 
        "bio", "photo_url")
    values
    (39, 39, $$Brenda Wunsch$$, $$8457 Shanny Key Suite 564$$, 
        $$176-994-5228$$, $$Gluten$$, $$XL$$, $$VEGAN$$, 
        $$Eliseo Medhurst (943) 684-9803 x06197$$, $$Mr. Karli Hoppe 1-260-140-3462 x129$$, 
        $$Sit quos vel pariatur quo velit exercitationem sunt et laudantium. Minima porro amet earum voluptas. Atque voluptates et molestias quisquam culpa provident ab. Alias suscipit non cupiditate laboriosam voluptatem illo eos.$$, $$/images/fakeProfiles/tigerface.png$$);
insert into 
    rcglavc."Users"("id", "login_id", "name", "address", "phone", 
        "allergies", "tshirt_size", "meal_pref", "emergency_contact_1", "emergency_contact_2", 
        "bio", "photo_url")
    values
    (40, 40, $$Maybelle Schowalter$$, $$928 Stella Lake Suite 496$$, 
        $$(212) 846-6985 x53898$$, $$Gluten$$, $$XL$$, $$OMNIVORE$$, 
        $$Gwen Thiel V 118.895.8528 x63120$$, $$Kyle Anderson 825.268.9548 x29512$$, 
        $$Rerum hic quas aut. Dolor ipsa voluptas natus. Aperiam atque pariatur quia dolor debitis. Quis eaque laboriosam.$$, $$/images/fakeProfiles/babyb.png$$);insert into 
    rcglavc."Sessions"("id", "name", "start", "end") values 
    (1, $$2020-summer-week1$$, $$2020-07-05T07:00:00.000Z$$, $$2020-07-12T06:59:00.000Z$$);
insert into 
    rcglavc."Roles"("id", "code", "name") 
    values(0, $$FLAT$$, $$Flat$$);
insert into 
    rcglavc."Roles"("id", "code", "name") 
    values(1, $$SHARP$$, $$Sharp$$);
insert into 
    rcglavc."Roles"("id", "code", "name") 
    values(2, $$GUITARIST$$, $$Guitarist$$);
insert into 
    rcglavc."Roles"("id", "code", "name") 
    values(3, $$BASSIST$$, $$Bassist$$);
insert into 
    rcglavc."Roles"("id", "code", "name") 
    values(4, $$DRUMMER$$, $$Drummer$$);
insert into 
    rcglavc."Roles"("id", "code", "name") 
    values(5, $$VOCALIST$$, $$Vocalist$$);
insert into 
    rcglavc."Roles"("id", "code", "name") 
    values(6, $$KEYBOARDIST$$, $$Keyboardist$$);
insert into 
    rcglavc."Roles"("id", "code", "name") 
    values(7, $$MVP_CAMPER$$, $$MVP Camper$$);
insert into 
    rcglavc."Roles"("id", "code", "name") 
    values(8, $$GUITAR_INSTRUCTOR$$, $$Guitar Instructor$$);
insert into 
    rcglavc."Roles"("id", "code", "name") 
    values(9, $$DRUMS_INSTRUCTOR$$, $$Drums Instructor$$);
insert into 
    rcglavc."Roles"("id", "code", "name") 
    values(10, $$KEYS_INSTRUCTOR$$, $$Keys Instructor$$);
insert into 
    rcglavc."Roles"("id", "code", "name") 
    values(11, $$VOCALS_INSTRUCTOR$$, $$Vocals Instructor$$);
insert into 
    rcglavc."Roles"("id", "code", "name") 
    values(12, $$BASS_INSTRUCTOR$$, $$Bass Instructor$$);
insert into 
    rcglavc."Roles"("id", "code", "name") 
    values(13, $$BAND_COACH$$, $$Band Coach$$);
insert into 
    rcglavc."Roles"("id", "code", "name") 
    values(14, $$COUNSELOR$$, $$Counselor$$);
insert into 
    rcglavc."Roles"("id", "code", "name") 
    values(15, $$ROADIE$$, $$Roadie$$);
insert into 
    rcglavc."Roles"("id", "code", "name") 
    values(16, $$GENERAL_SUPPORT$$, $$General Support$$);
insert into 
    rcglavc."Roles"("id", "code", "name") 
    values(17, $$SNACK_PATROL$$, $$Snack Patrol$$);
insert into 
    rcglavc."Roles"("id", "code", "name") 
    values(18, $$CHECK_IN$$, $$Check-in$$);
insert into 
    rcglavc."Roles"("id", "code", "name") 
    values(19, $$CHECK_OUT$$, $$Check-out$$);
insert into 
    rcglavc."Roles"("id", "code", "name") 
    values(20, $$AM_SUPERVISION$$, $$A.M. Supervision$$);
insert into 
    rcglavc."Roles"("id", "code", "name") 
    values(21, $$PM_SUPERVISION$$, $$P.M. Supervision$$);
insert into 
    rcglavc."Roles"("id", "code", "name") 
    values(22, $$VIT_COORDINATOR$$, $$VIT Coordinator$$);
insert into 
    rcglavc."Roles"("id", "code", "name") 
    values(23, $$ASSEMBLY_SOUND$$, $$Assembly Sound$$);
insert into 
    rcglavc."Roles"("id", "code", "name") 
    values(24, $$CREW_COACH$$, $$Crew Coach$$);
insert into 
    rcglavc."Roles"("id", "code", "name") 
    values(25, $$FRONT_DESK_LEAD$$, $$Front Desk Lead$$);
insert into 
    rcglavc."Roles"("id", "code", "name") 
    values(26, $$MAYOR$$, $$Mayor of Awesometown$$);
insert into 
    rcglavc."Roles"("id", "code", "name") 
    values(27, $$CO_DIRECTOR$$, $$Co-Director$$);
insert into 
    rcglavc."Roles"("id", "code", "name") 
    values(28, $$ART_DIRECTOR$$, $$Art Director$$);
insert into 
    rcglavc."Roles"("id", "code", "name") 
    values(29, $$MVP_DIRECTOR$$, $$MVP Director$$);
insert into 
    rcglavc."Roles"("id", "code", "name") 
    values(30, $$CAMP_VIDEOGRAPHER$$, $$Camp Videographer$$);
insert into 
    rcglavc."Roles"("id", "code", "name") 
    values(31, $$KITCHEN_SUPPORT$$, $$Kitchen Support$$);
insert into 
    rcglavc."Roles"("id", "code", "name") 
    values(32, $$TEAM_FEELINGS$$, $$Team Feelings$$);
insert into 
    rcglavc."Roles"("id", "code", "name") 
    values(33, $$MEDICAL$$, $$Medical$$);
insert into 
    rcglavc."Roles"("id", "code", "name") 
    values(34, $$SOCIAL_MEDIA_COORDINATOR$$, $$Social Media Coordinator$$);
insert into 
    rcglavc."Roles"("id", "code", "name") 
    values(35, $$FOOD_COORDINATOR$$, $$Food Coordinator$$);
insert into 
    rcglavc."Roles"("id", "code", "name") 
    values(36, $$GEAR_COORDINATOR$$, $$Gear Coordinator$$);
insert into 
    rcglavc."Roles"("id", "code", "name") 
    values(37, $$GRATITUDE_COORDINATOR$$, $$Gratitude Coordinator$$);
insert into 
    rcglavc."Roles"("id", "code", "name") 
    values(38, $$OUTREACH_COORDINATOR$$, $$Outreach Coordinator$$);
insert into 
    rcglavc."Roles"("id", "code", "name") 
    values(39, $$SPECIAL_EVENTS_COORDINATOR$$, $$Special Events Coordinator$$);
insert into 
    rcglavc."Roles"("id", "code", "name") 
    values(40, $$TECHNOLOGY_COORDINATOR$$, $$Technology Coordinator$$);
insert into 
    rcglavc."Roles"("id", "code", "name") 
    values(41, $$VOLUNTEER_RESOURCES_COORDINATOR$$, $$Volunteer Resources Coordinator$$);
insert into 
    rcglavc."Roles"("id", "code", "name") 
    values(42, $$WORKSHOPS_COORDINATOR$$, $$Workshops Coordinator$$);
insert into 
    rcglavc."Roles"("id", "code", "name") 
    values(43, $$YOUTH_LEADERSHIP_COORDINATOR$$, $$Youth Leadership Coordinator$$);
insert into 
    rcglavc."Roles"("id", "code", "name") 
    values(44, $$CAMP_STAGING_COORDINATOR$$, $$Camp Staging Coordinator$$);
insert into 
    rcglavc."Roles"("id", "code", "name") 
    values(45, $$CAMERA_MENTOR$$, $$Camera Mentor$$);
insert into 
    rcglavc."Roles"("id", "code", "name") 
    values(46, $$EDITING_MENTOR$$, $$Editing Mentor$$);
insert into 
    rcglavc."Roles"("id", "code", "name") 
    values(47, $$MVP_SUPPORT$$, $$MVP Support$$);
insert into 
    rcglavc."Roles"("id", "code", "name") 
    values(48, $$CAMP_PHOTOGRAPHER$$, $$Camp Photographer$$);
insert into 
    rcglavc."Roles"("id", "code", "name") 
    values(49, $$DAILY_RECAP_VIDEO$$, $$Daily Recap Video$$);insert into 
    rcglavc."RoleGroups"("id", "code", "name") 
    values(0, $$CAMPERS$$, $$Campers$$);
insert into 
    rcglavc."RoleGroups"("id", "code", "name") 
    values(1, $$VOLUNTEERS$$, $$Volunteers$$);
insert into 
    rcglavc."RoleGroups"("id", "code", "name") 
    values(2, $$SUPPORT_CREW$$, $$Support Crew$$);
insert into 
    rcglavc."RoleGroups"("id", "code", "name") 
    values(3, $$INSTRUCTORS$$, $$Instructors$$);
insert into 
    rcglavc."RoleGroups"("id", "code", "name") 
    values(4, $$MVP_VOLUNTEERS$$, $$MVP Volunteers$$);
insert into 
    rcglavc."RoleGroups"("id", "code", "name") 
    values(5, $$KITCHEN_CREW$$, $$Kitchen Crew$$);
insert into 
    rcglavc."RoleGroups"("id", "code", "name") 
    values(6, $$YRPC$$, $$Year-Round Planning Committee$$);
insert into 
    rcglavc."RoleGroups"("id", "code", "name") 
    values(7, $$DIRECTORS$$, $$Directors$$);insert into 
    rcglavc."RolesInRoleGroups"("id", "role_id", "role_group_id")
    values (0, 0, 0);
insert into 
    rcglavc."RolesInRoleGroups"("id", "role_id", "role_group_id")
    values (1, 1, 0);
insert into 
    rcglavc."RolesInRoleGroups"("id", "role_id", "role_group_id")
    values (2, 2, 0);
insert into 
    rcglavc."RolesInRoleGroups"("id", "role_id", "role_group_id")
    values (3, 3, 0);
insert into 
    rcglavc."RolesInRoleGroups"("id", "role_id", "role_group_id")
    values (4, 4, 0);
insert into 
    rcglavc."RolesInRoleGroups"("id", "role_id", "role_group_id")
    values (5, 5, 0);
insert into 
    rcglavc."RolesInRoleGroups"("id", "role_id", "role_group_id")
    values (6, 6, 0);
insert into 
    rcglavc."RolesInRoleGroups"("id", "role_id", "role_group_id")
    values (7, 7, 0);
insert into 
    rcglavc."RolesInRoleGroups"("id", "role_id", "role_group_id")
    values (8, 8, 1);
insert into 
    rcglavc."RolesInRoleGroups"("id", "role_id", "role_group_id")
    values (9, 9, 1);
insert into 
    rcglavc."RolesInRoleGroups"("id", "role_id", "role_group_id")
    values (10, 10, 1);
insert into 
    rcglavc."RolesInRoleGroups"("id", "role_id", "role_group_id")
    values (11, 11, 1);
insert into 
    rcglavc."RolesInRoleGroups"("id", "role_id", "role_group_id")
    values (12, 12, 1);
insert into 
    rcglavc."RolesInRoleGroups"("id", "role_id", "role_group_id")
    values (13, 13, 1);
insert into 
    rcglavc."RolesInRoleGroups"("id", "role_id", "role_group_id")
    values (14, 14, 1);
insert into 
    rcglavc."RolesInRoleGroups"("id", "role_id", "role_group_id")
    values (15, 15, 1);
insert into 
    rcglavc."RolesInRoleGroups"("id", "role_id", "role_group_id")
    values (16, 16, 1);
insert into 
    rcglavc."RolesInRoleGroups"("id", "role_id", "role_group_id")
    values (17, 17, 1);
insert into 
    rcglavc."RolesInRoleGroups"("id", "role_id", "role_group_id")
    values (18, 18, 1);
insert into 
    rcglavc."RolesInRoleGroups"("id", "role_id", "role_group_id")
    values (19, 19, 1);
insert into 
    rcglavc."RolesInRoleGroups"("id", "role_id", "role_group_id")
    values (20, 20, 1);
insert into 
    rcglavc."RolesInRoleGroups"("id", "role_id", "role_group_id")
    values (21, 21, 1);
insert into 
    rcglavc."RolesInRoleGroups"("id", "role_id", "role_group_id")
    values (22, 22, 1);
insert into 
    rcglavc."RolesInRoleGroups"("id", "role_id", "role_group_id")
    values (23, 23, 1);
insert into 
    rcglavc."RolesInRoleGroups"("id", "role_id", "role_group_id")
    values (24, 24, 1);
insert into 
    rcglavc."RolesInRoleGroups"("id", "role_id", "role_group_id")
    values (25, 25, 1);
insert into 
    rcglavc."RolesInRoleGroups"("id", "role_id", "role_group_id")
    values (26, 26, 1);
insert into 
    rcglavc."RolesInRoleGroups"("id", "role_id", "role_group_id")
    values (27, 27, 1);
insert into 
    rcglavc."RolesInRoleGroups"("id", "role_id", "role_group_id")
    values (28, 28, 1);
insert into 
    rcglavc."RolesInRoleGroups"("id", "role_id", "role_group_id")
    values (29, 29, 1);
insert into 
    rcglavc."RolesInRoleGroups"("id", "role_id", "role_group_id")
    values (30, 30, 1);
insert into 
    rcglavc."RolesInRoleGroups"("id", "role_id", "role_group_id")
    values (31, 31, 1);
insert into 
    rcglavc."RolesInRoleGroups"("id", "role_id", "role_group_id")
    values (32, 32, 1);
insert into 
    rcglavc."RolesInRoleGroups"("id", "role_id", "role_group_id")
    values (33, 33, 1);
insert into 
    rcglavc."RolesInRoleGroups"("id", "role_id", "role_group_id")
    values (34, 34, 1);
insert into 
    rcglavc."RolesInRoleGroups"("id", "role_id", "role_group_id")
    values (35, 35, 1);
insert into 
    rcglavc."RolesInRoleGroups"("id", "role_id", "role_group_id")
    values (36, 36, 1);
insert into 
    rcglavc."RolesInRoleGroups"("id", "role_id", "role_group_id")
    values (37, 37, 1);
insert into 
    rcglavc."RolesInRoleGroups"("id", "role_id", "role_group_id")
    values (38, 38, 1);
insert into 
    rcglavc."RolesInRoleGroups"("id", "role_id", "role_group_id")
    values (39, 39, 1);
insert into 
    rcglavc."RolesInRoleGroups"("id", "role_id", "role_group_id")
    values (40, 40, 1);
insert into 
    rcglavc."RolesInRoleGroups"("id", "role_id", "role_group_id")
    values (41, 41, 1);
insert into 
    rcglavc."RolesInRoleGroups"("id", "role_id", "role_group_id")
    values (42, 42, 1);
insert into 
    rcglavc."RolesInRoleGroups"("id", "role_id", "role_group_id")
    values (43, 43, 1);
insert into 
    rcglavc."RolesInRoleGroups"("id", "role_id", "role_group_id")
    values (44, 44, 1);
insert into 
    rcglavc."RolesInRoleGroups"("id", "role_id", "role_group_id")
    values (45, 45, 1);
insert into 
    rcglavc."RolesInRoleGroups"("id", "role_id", "role_group_id")
    values (46, 46, 1);
insert into 
    rcglavc."RolesInRoleGroups"("id", "role_id", "role_group_id")
    values (47, 47, 1);
insert into 
    rcglavc."RolesInRoleGroups"("id", "role_id", "role_group_id")
    values (48, 48, 1);
insert into 
    rcglavc."RolesInRoleGroups"("id", "role_id", "role_group_id")
    values (49, 49, 1);
insert into 
    rcglavc."RolesInRoleGroups"("id", "role_id", "role_group_id")
    values (50, 15, 2);
insert into 
    rcglavc."RolesInRoleGroups"("id", "role_id", "role_group_id")
    values (51, 16, 2);
insert into 
    rcglavc."RolesInRoleGroups"("id", "role_id", "role_group_id")
    values (52, 17, 2);
insert into 
    rcglavc."RolesInRoleGroups"("id", "role_id", "role_group_id")
    values (53, 18, 2);
insert into 
    rcglavc."RolesInRoleGroups"("id", "role_id", "role_group_id")
    values (54, 19, 2);
insert into 
    rcglavc."RolesInRoleGroups"("id", "role_id", "role_group_id")
    values (55, 20, 2);
insert into 
    rcglavc."RolesInRoleGroups"("id", "role_id", "role_group_id")
    values (56, 21, 2);
insert into 
    rcglavc."RolesInRoleGroups"("id", "role_id", "role_group_id")
    values (57, 25, 2);
insert into 
    rcglavc."RolesInRoleGroups"("id", "role_id", "role_group_id")
    values (58, 31, 2);
insert into 
    rcglavc."RolesInRoleGroups"("id", "role_id", "role_group_id")
    values (59, 8, 3);
insert into 
    rcglavc."RolesInRoleGroups"("id", "role_id", "role_group_id")
    values (60, 9, 3);
insert into 
    rcglavc."RolesInRoleGroups"("id", "role_id", "role_group_id")
    values (61, 10, 3);
insert into 
    rcglavc."RolesInRoleGroups"("id", "role_id", "role_group_id")
    values (62, 11, 3);
insert into 
    rcglavc."RolesInRoleGroups"("id", "role_id", "role_group_id")
    values (63, 12, 3);
insert into 
    rcglavc."RolesInRoleGroups"("id", "role_id", "role_group_id")
    values (64, 24, 4);
insert into 
    rcglavc."RolesInRoleGroups"("id", "role_id", "role_group_id")
    values (65, 29, 4);
insert into 
    rcglavc."RolesInRoleGroups"("id", "role_id", "role_group_id")
    values (66, 45, 4);
insert into 
    rcglavc."RolesInRoleGroups"("id", "role_id", "role_group_id")
    values (67, 46, 4);
insert into 
    rcglavc."RolesInRoleGroups"("id", "role_id", "role_group_id")
    values (68, 47, 4);
insert into 
    rcglavc."RolesInRoleGroups"("id", "role_id", "role_group_id")
    values (69, 17, 5);
insert into 
    rcglavc."RolesInRoleGroups"("id", "role_id", "role_group_id")
    values (70, 31, 5);
insert into 
    rcglavc."RolesInRoleGroups"("id", "role_id", "role_group_id")
    values (71, 34, 6);
insert into 
    rcglavc."RolesInRoleGroups"("id", "role_id", "role_group_id")
    values (72, 35, 6);
insert into 
    rcglavc."RolesInRoleGroups"("id", "role_id", "role_group_id")
    values (73, 36, 6);
insert into 
    rcglavc."RolesInRoleGroups"("id", "role_id", "role_group_id")
    values (74, 37, 6);
insert into 
    rcglavc."RolesInRoleGroups"("id", "role_id", "role_group_id")
    values (75, 38, 6);
insert into 
    rcglavc."RolesInRoleGroups"("id", "role_id", "role_group_id")
    values (76, 39, 6);
insert into 
    rcglavc."RolesInRoleGroups"("id", "role_id", "role_group_id")
    values (77, 40, 6);
insert into 
    rcglavc."RolesInRoleGroups"("id", "role_id", "role_group_id")
    values (78, 41, 6);
insert into 
    rcglavc."RolesInRoleGroups"("id", "role_id", "role_group_id")
    values (79, 42, 6);
insert into 
    rcglavc."RolesInRoleGroups"("id", "role_id", "role_group_id")
    values (80, 43, 6);
insert into 
    rcglavc."RolesInRoleGroups"("id", "role_id", "role_group_id")
    values (81, 44, 6);
insert into 
    rcglavc."RolesInRoleGroups"("id", "role_id", "role_group_id")
    values (82, 26, 7);
insert into 
    rcglavc."RolesInRoleGroups"("id", "role_id", "role_group_id")
    values (83, 27, 7);
insert into 
    rcglavc."RolesInRoleGroups"("id", "role_id", "role_group_id")
    values (84, 28, 7);
insert into 
    rcglavc."RolesInRoleGroups"("id", "role_id", "role_group_id")
    values (85, 29, 7);insert into 
    rcglavc."Participation"("id", "user_id", "session_id", "role_id", "start", "end")
    values (0, 1, 1, 14, 
        $$2020-07-07T12:56:56.404Z$$, $$2020-07-09T09:44:00.373Z$$);
insert into 
    rcglavc."Participation"("id", "user_id", "session_id", "role_id", "start", "end")
    values (1, 1, 1, 20, 
        $$2020-07-06T08:19:10.854Z$$, $$2020-07-07T04:26:28.372Z$$);
insert into 
    rcglavc."Participation"("id", "user_id", "session_id", "role_id", "start", "end")
    values (2, 2, 1, 14, 
        $$2020-07-07T17:16:23.482Z$$, $$2020-07-08T06:15:38.904Z$$);
insert into 
    rcglavc."Participation"("id", "user_id", "session_id", "role_id", "start", "end")
    values (3, 2, 1, 20, 
        $$2020-07-09T18:46:30.837Z$$, $$2020-07-10T07:28:39.794Z$$);
insert into 
    rcglavc."Participation"("id", "user_id", "session_id", "role_id", "start", "end")
    values (4, 3, 1, 16, 
        $$2020-07-08T11:17:27.314Z$$, $$2020-07-10T17:36:11.724Z$$);
insert into 
    rcglavc."Participation"("id", "user_id", "session_id", "role_id", "start", "end")
    values (5, 3, 1, 13, 
        $$2020-07-07T15:14:25.941Z$$, $$2020-07-11T15:28:24.702Z$$);
insert into 
    rcglavc."Participation"("id", "user_id", "session_id", "role_id", "start", "end")
    values (6, 4, 1, 16, 
        $$2020-07-10T20:02:18.895Z$$, $$2020-07-11T21:26:02.689Z$$);
insert into 
    rcglavc."Participation"("id", "user_id", "session_id", "role_id", "start", "end")
    values (7, 4, 1, 13, 
        $$2020-07-07T18:26:10.287Z$$, $$2020-07-10T08:37:01.756Z$$);
insert into 
    rcglavc."Participation"("id", "user_id", "session_id", "role_id", "start", "end")
    values (8, 5, 1, 8, 
        $$2020-07-06T08:10:37.563Z$$, $$2020-07-06T13:04:16.590Z$$);
insert into 
    rcglavc."Participation"("id", "user_id", "session_id", "role_id", "start", "end")
    values (9, 5, 1, 13, 
        $$2020-07-09T09:22:53.419Z$$, $$2020-07-09T12:11:23.881Z$$);
insert into 
    rcglavc."Participation"("id", "user_id", "session_id", "role_id", "start", "end")
    values (10, 5, 1, 35, 
        $$2020-07-08T01:30:21.801Z$$, $$2020-07-10T20:08:00.739Z$$);
insert into 
    rcglavc."Participation"("id", "user_id", "session_id", "role_id", "start", "end")
    values (11, 6, 1, 14, 
        $$2020-07-06T03:36:44.769Z$$, $$2020-07-06T05:43:59.637Z$$);
insert into 
    rcglavc."Participation"("id", "user_id", "session_id", "role_id", "start", "end")
    values (12, 6, 1, 20, 
        $$2020-07-08T08:43:45.626Z$$, $$2020-07-08T09:23:30.925Z$$);
insert into 
    rcglavc."Participation"("id", "user_id", "session_id", "role_id", "start", "end")
    values (13, 7, 1, 31, 
        $$2020-07-06T09:38:10.703Z$$, $$2020-07-11T07:58:59.971Z$$);
insert into 
    rcglavc."Participation"("id", "user_id", "session_id", "role_id", "start", "end")
    values (14, 7, 1, 15, 
        $$2020-07-10T08:25:30.408Z$$, $$2020-07-10T21:30:54.467Z$$);
insert into 
    rcglavc."Participation"("id", "user_id", "session_id", "role_id", "start", "end")
    values (15, 8, 1, 24, 
        $$2020-07-06T22:51:10.099Z$$, $$2020-07-11T05:22:54.663Z$$);
insert into 
    rcglavc."Participation"("id", "user_id", "session_id", "role_id", "start", "end")
    values (16, 9, 1, 8, 
        $$2020-07-06T09:59:04.493Z$$, $$2020-07-08T04:19:17.745Z$$);
insert into 
    rcglavc."Participation"("id", "user_id", "session_id", "role_id", "start", "end")
    values (17, 9, 1, 13, 
        $$2020-07-06T13:38:26.688Z$$, $$2020-07-08T15:01:49.058Z$$);
insert into 
    rcglavc."Participation"("id", "user_id", "session_id", "role_id", "start", "end")
    values (18, 9, 1, 35, 
        $$2020-07-09T16:27:50.064Z$$, $$2020-07-12T00:20:52.366Z$$);
insert into 
    rcglavc."Participation"("id", "user_id", "session_id", "role_id", "start", "end")
    values (19, 10, 1, 31, 
        $$2020-07-09T09:57:22.125Z$$, $$2020-07-12T01:18:40.935Z$$);
insert into 
    rcglavc."Participation"("id", "user_id", "session_id", "role_id", "start", "end")
    values (20, 10, 1, 15, 
        $$2020-07-10T17:17:04.390Z$$, $$2020-07-11T19:55:36.096Z$$);
insert into 
    rcglavc."Participation"("id", "user_id", "session_id", "role_id", "start", "end")
    values (21, 11, 1, 0, 
        $$2020-07-06T15:00:00.000Z$$, $$2020-07-12T00:00:00.000Z$$);
insert into 
    rcglavc."Participation"("id", "user_id", "session_id", "role_id", "start", "end")
    values (22, 11, 1, 4, 
        $$2020-07-06T15:00:00.000Z$$, $$2020-07-12T00:00:00.000Z$$);
insert into 
    rcglavc."Participation"("id", "user_id", "session_id", "role_id", "start", "end")
    values (23, 12, 1, 1, 
        $$2020-07-06T15:00:00.000Z$$, $$2020-07-12T00:00:00.000Z$$);
insert into 
    rcglavc."Participation"("id", "user_id", "session_id", "role_id", "start", "end")
    values (24, 12, 1, 2, 
        $$2020-07-06T15:00:00.000Z$$, $$2020-07-12T00:00:00.000Z$$);
insert into 
    rcglavc."Participation"("id", "user_id", "session_id", "role_id", "start", "end")
    values (25, 13, 1, 1, 
        $$2020-07-06T15:00:00.000Z$$, $$2020-07-12T00:00:00.000Z$$);
insert into 
    rcglavc."Participation"("id", "user_id", "session_id", "role_id", "start", "end")
    values (26, 13, 1, 5, 
        $$2020-07-06T15:00:00.000Z$$, $$2020-07-12T00:00:00.000Z$$);
insert into 
    rcglavc."Participation"("id", "user_id", "session_id", "role_id", "start", "end")
    values (27, 14, 1, 7, 
        $$2020-07-06T15:00:00.000Z$$, $$2020-07-12T00:00:00.000Z$$);
insert into 
    rcglavc."Participation"("id", "user_id", "session_id", "role_id", "start", "end")
    values (28, 15, 1, 0, 
        $$2020-07-06T15:00:00.000Z$$, $$2020-07-12T00:00:00.000Z$$);
insert into 
    rcglavc."Participation"("id", "user_id", "session_id", "role_id", "start", "end")
    values (29, 15, 1, 3, 
        $$2020-07-06T15:00:00.000Z$$, $$2020-07-12T00:00:00.000Z$$);
insert into 
    rcglavc."Participation"("id", "user_id", "session_id", "role_id", "start", "end")
    values (30, 16, 1, 0, 
        $$2020-07-06T15:00:00.000Z$$, $$2020-07-12T00:00:00.000Z$$);
insert into 
    rcglavc."Participation"("id", "user_id", "session_id", "role_id", "start", "end")
    values (31, 16, 1, 4, 
        $$2020-07-06T15:00:00.000Z$$, $$2020-07-12T00:00:00.000Z$$);
insert into 
    rcglavc."Participation"("id", "user_id", "session_id", "role_id", "start", "end")
    values (32, 17, 1, 0, 
        $$2020-07-06T15:00:00.000Z$$, $$2020-07-12T00:00:00.000Z$$);
insert into 
    rcglavc."Participation"("id", "user_id", "session_id", "role_id", "start", "end")
    values (33, 17, 1, 4, 
        $$2020-07-06T15:00:00.000Z$$, $$2020-07-12T00:00:00.000Z$$);
insert into 
    rcglavc."Participation"("id", "user_id", "session_id", "role_id", "start", "end")
    values (34, 18, 1, 1, 
        $$2020-07-06T15:00:00.000Z$$, $$2020-07-12T00:00:00.000Z$$);
insert into 
    rcglavc."Participation"("id", "user_id", "session_id", "role_id", "start", "end")
    values (35, 18, 1, 5, 
        $$2020-07-06T15:00:00.000Z$$, $$2020-07-12T00:00:00.000Z$$);
insert into 
    rcglavc."Participation"("id", "user_id", "session_id", "role_id", "start", "end")
    values (36, 19, 1, 1, 
        $$2020-07-06T15:00:00.000Z$$, $$2020-07-12T00:00:00.000Z$$);
insert into 
    rcglavc."Participation"("id", "user_id", "session_id", "role_id", "start", "end")
    values (37, 19, 1, 5, 
        $$2020-07-06T15:00:00.000Z$$, $$2020-07-12T00:00:00.000Z$$);
insert into 
    rcglavc."Participation"("id", "user_id", "session_id", "role_id", "start", "end")
    values (38, 20, 1, 0, 
        $$2020-07-06T15:00:00.000Z$$, $$2020-07-12T00:00:00.000Z$$);
insert into 
    rcglavc."Participation"("id", "user_id", "session_id", "role_id", "start", "end")
    values (39, 20, 1, 4, 
        $$2020-07-06T15:00:00.000Z$$, $$2020-07-12T00:00:00.000Z$$);
insert into 
    rcglavc."Participation"("id", "user_id", "session_id", "role_id", "start", "end")
    values (40, 21, 1, 0, 
        $$2020-07-06T15:00:00.000Z$$, $$2020-07-12T00:00:00.000Z$$);
insert into 
    rcglavc."Participation"("id", "user_id", "session_id", "role_id", "start", "end")
    values (41, 21, 1, 3, 
        $$2020-07-06T15:00:00.000Z$$, $$2020-07-12T00:00:00.000Z$$);
insert into 
    rcglavc."Participation"("id", "user_id", "session_id", "role_id", "start", "end")
    values (42, 22, 1, 0, 
        $$2020-07-06T15:00:00.000Z$$, $$2020-07-12T00:00:00.000Z$$);
insert into 
    rcglavc."Participation"("id", "user_id", "session_id", "role_id", "start", "end")
    values (43, 22, 1, 3, 
        $$2020-07-06T15:00:00.000Z$$, $$2020-07-12T00:00:00.000Z$$);
insert into 
    rcglavc."Participation"("id", "user_id", "session_id", "role_id", "start", "end")
    values (44, 23, 1, 1, 
        $$2020-07-06T15:00:00.000Z$$, $$2020-07-12T00:00:00.000Z$$);
insert into 
    rcglavc."Participation"("id", "user_id", "session_id", "role_id", "start", "end")
    values (45, 23, 1, 2, 
        $$2020-07-06T15:00:00.000Z$$, $$2020-07-12T00:00:00.000Z$$);
insert into 
    rcglavc."Participation"("id", "user_id", "session_id", "role_id", "start", "end")
    values (46, 24, 1, 0, 
        $$2020-07-06T15:00:00.000Z$$, $$2020-07-12T00:00:00.000Z$$);
insert into 
    rcglavc."Participation"("id", "user_id", "session_id", "role_id", "start", "end")
    values (47, 24, 1, 3, 
        $$2020-07-06T15:00:00.000Z$$, $$2020-07-12T00:00:00.000Z$$);
insert into 
    rcglavc."Participation"("id", "user_id", "session_id", "role_id", "start", "end")
    values (48, 25, 1, 0, 
        $$2020-07-06T15:00:00.000Z$$, $$2020-07-12T00:00:00.000Z$$);
insert into 
    rcglavc."Participation"("id", "user_id", "session_id", "role_id", "start", "end")
    values (49, 25, 1, 3, 
        $$2020-07-06T15:00:00.000Z$$, $$2020-07-12T00:00:00.000Z$$);
insert into 
    rcglavc."Participation"("id", "user_id", "session_id", "role_id", "start", "end")
    values (50, 26, 1, 0, 
        $$2020-07-06T15:00:00.000Z$$, $$2020-07-12T00:00:00.000Z$$);
insert into 
    rcglavc."Participation"("id", "user_id", "session_id", "role_id", "start", "end")
    values (51, 26, 1, 3, 
        $$2020-07-06T15:00:00.000Z$$, $$2020-07-12T00:00:00.000Z$$);
insert into 
    rcglavc."Participation"("id", "user_id", "session_id", "role_id", "start", "end")
    values (52, 27, 1, 1, 
        $$2020-07-06T15:00:00.000Z$$, $$2020-07-12T00:00:00.000Z$$);
insert into 
    rcglavc."Participation"("id", "user_id", "session_id", "role_id", "start", "end")
    values (53, 27, 1, 5, 
        $$2020-07-06T15:00:00.000Z$$, $$2020-07-12T00:00:00.000Z$$);
insert into 
    rcglavc."Participation"("id", "user_id", "session_id", "role_id", "start", "end")
    values (54, 28, 1, 1, 
        $$2020-07-06T15:00:00.000Z$$, $$2020-07-12T00:00:00.000Z$$);
insert into 
    rcglavc."Participation"("id", "user_id", "session_id", "role_id", "start", "end")
    values (55, 28, 1, 5, 
        $$2020-07-06T15:00:00.000Z$$, $$2020-07-12T00:00:00.000Z$$);
insert into 
    rcglavc."Participation"("id", "user_id", "session_id", "role_id", "start", "end")
    values (56, 29, 1, 1, 
        $$2020-07-06T15:00:00.000Z$$, $$2020-07-12T00:00:00.000Z$$);
insert into 
    rcglavc."Participation"("id", "user_id", "session_id", "role_id", "start", "end")
    values (57, 29, 1, 2, 
        $$2020-07-06T15:00:00.000Z$$, $$2020-07-12T00:00:00.000Z$$);
insert into 
    rcglavc."Participation"("id", "user_id", "session_id", "role_id", "start", "end")
    values (58, 30, 1, 0, 
        $$2020-07-06T15:00:00.000Z$$, $$2020-07-12T00:00:00.000Z$$);
insert into 
    rcglavc."Participation"("id", "user_id", "session_id", "role_id", "start", "end")
    values (59, 30, 1, 4, 
        $$2020-07-06T15:00:00.000Z$$, $$2020-07-12T00:00:00.000Z$$);
insert into 
    rcglavc."Participation"("id", "user_id", "session_id", "role_id", "start", "end")
    values (60, 31, 1, 1, 
        $$2020-07-06T15:00:00.000Z$$, $$2020-07-12T00:00:00.000Z$$);
insert into 
    rcglavc."Participation"("id", "user_id", "session_id", "role_id", "start", "end")
    values (61, 31, 1, 2, 
        $$2020-07-06T15:00:00.000Z$$, $$2020-07-12T00:00:00.000Z$$);
insert into 
    rcglavc."Participation"("id", "user_id", "session_id", "role_id", "start", "end")
    values (62, 32, 1, 1, 
        $$2020-07-06T15:00:00.000Z$$, $$2020-07-12T00:00:00.000Z$$);
insert into 
    rcglavc."Participation"("id", "user_id", "session_id", "role_id", "start", "end")
    values (63, 32, 1, 5, 
        $$2020-07-06T15:00:00.000Z$$, $$2020-07-12T00:00:00.000Z$$);
insert into 
    rcglavc."Participation"("id", "user_id", "session_id", "role_id", "start", "end")
    values (64, 33, 1, 7, 
        $$2020-07-06T15:00:00.000Z$$, $$2020-07-12T00:00:00.000Z$$);
insert into 
    rcglavc."Participation"("id", "user_id", "session_id", "role_id", "start", "end")
    values (65, 34, 1, 0, 
        $$2020-07-06T15:00:00.000Z$$, $$2020-07-12T00:00:00.000Z$$);
insert into 
    rcglavc."Participation"("id", "user_id", "session_id", "role_id", "start", "end")
    values (66, 34, 1, 4, 
        $$2020-07-06T15:00:00.000Z$$, $$2020-07-12T00:00:00.000Z$$);
insert into 
    rcglavc."Participation"("id", "user_id", "session_id", "role_id", "start", "end")
    values (67, 35, 1, 1, 
        $$2020-07-06T15:00:00.000Z$$, $$2020-07-12T00:00:00.000Z$$);
insert into 
    rcglavc."Participation"("id", "user_id", "session_id", "role_id", "start", "end")
    values (68, 35, 1, 2, 
        $$2020-07-06T15:00:00.000Z$$, $$2020-07-12T00:00:00.000Z$$);
insert into 
    rcglavc."Participation"("id", "user_id", "session_id", "role_id", "start", "end")
    values (69, 36, 1, 0, 
        $$2020-07-06T15:00:00.000Z$$, $$2020-07-12T00:00:00.000Z$$);
insert into 
    rcglavc."Participation"("id", "user_id", "session_id", "role_id", "start", "end")
    values (70, 36, 1, 4, 
        $$2020-07-06T15:00:00.000Z$$, $$2020-07-12T00:00:00.000Z$$);
insert into 
    rcglavc."Participation"("id", "user_id", "session_id", "role_id", "start", "end")
    values (71, 37, 1, 7, 
        $$2020-07-06T15:00:00.000Z$$, $$2020-07-12T00:00:00.000Z$$);
insert into 
    rcglavc."Participation"("id", "user_id", "session_id", "role_id", "start", "end")
    values (72, 38, 1, 1, 
        $$2020-07-06T15:00:00.000Z$$, $$2020-07-12T00:00:00.000Z$$);
insert into 
    rcglavc."Participation"("id", "user_id", "session_id", "role_id", "start", "end")
    values (73, 38, 1, 5, 
        $$2020-07-06T15:00:00.000Z$$, $$2020-07-12T00:00:00.000Z$$);
insert into 
    rcglavc."Participation"("id", "user_id", "session_id", "role_id", "start", "end")
    values (74, 39, 1, 0, 
        $$2020-07-06T15:00:00.000Z$$, $$2020-07-12T00:00:00.000Z$$);
insert into 
    rcglavc."Participation"("id", "user_id", "session_id", "role_id", "start", "end")
    values (75, 39, 1, 3, 
        $$2020-07-06T15:00:00.000Z$$, $$2020-07-12T00:00:00.000Z$$);
insert into 
    rcglavc."Participation"("id", "user_id", "session_id", "role_id", "start", "end")
    values (76, 40, 1, 0, 
        $$2020-07-06T15:00:00.000Z$$, $$2020-07-12T00:00:00.000Z$$);
insert into 
    rcglavc."Participation"("id", "user_id", "session_id", "role_id", "start", "end")
    values (77, 40, 1, 3, 
        $$2020-07-06T15:00:00.000Z$$, $$2020-07-12T00:00:00.000Z$$);
insert into 
    rcglavc."Participation"("id", "user_id", "session_id", "role_id", "start", "end")
    values (78, 0, 1, 26, 
        $$2020-01-01T07:00:00.000Z$$, $$2021-01-01T06:59:00.000Z$$);