\c :dbname
create extension if not exists pgcrypto;
insert into rcglavc."Logins"("id", "email", "password", "type") 
    values 
    (0, $$betro@example.com$$, crypt('dancingpaint', gen_salt('bf')), $$ADMIN$$ );
insert into rcglavc."Logins"("id", "email", "password", "type") 
    values 
    (1, $$Emelia.Bode70@example.com$$, crypt('dancingpaint', gen_salt('bf')), $$USER$$ );
insert into rcglavc."Logins"("id", "email", "password", "type") 
    values 
    (2, $$Sasha61@example.net$$, crypt('dancingpaint', gen_salt('bf')), $$USER$$ );
insert into rcglavc."Logins"("id", "email", "password", "type") 
    values 
    (3, $$Larue51@example.com$$, crypt('dancingpaint', gen_salt('bf')), $$USER$$ );
insert into rcglavc."Logins"("id", "email", "password", "type") 
    values 
    (4, $$Chester39@example.net$$, crypt('dancingpaint', gen_salt('bf')), $$USER$$ );
insert into rcglavc."Logins"("id", "email", "password", "type") 
    values 
    (5, $$Stefan.Botsford43@example.net$$, crypt('dancingpaint', gen_salt('bf')), $$USER$$ );
insert into rcglavc."Logins"("id", "email", "password", "type") 
    values 
    (6, $$Duane.Cremin@example.org$$, crypt('dancingpaint', gen_salt('bf')), $$USER$$ );
insert into rcglavc."Logins"("id", "email", "password", "type") 
    values 
    (7, $$Jude7@example.org$$, crypt('dancingpaint', gen_salt('bf')), $$USER$$ );
insert into rcglavc."Logins"("id", "email", "password", "type") 
    values 
    (8, $$Timmothy_Okuneva22@example.net$$, crypt('dancingpaint', gen_salt('bf')), $$USER$$ );
insert into rcglavc."Logins"("id", "email", "password", "type") 
    values 
    (9, $$Beth_Reilly@example.org$$, crypt('dancingpaint', gen_salt('bf')), $$USER$$ );
insert into rcglavc."Logins"("id", "email", "password", "type") 
    values 
    (10, $$Stan31@example.net$$, crypt('dancingpaint', gen_salt('bf')), $$USER$$ );insert into rcglavc."Logins"("id", "email", "password", "type") 
    values 
    (11, $$Colby6@example.net$$, crypt('dancingpaint', gen_salt('bf')), $$USER$$ );
insert into rcglavc."Logins"("id", "email", "password", "type") 
    values 
    (12, $$Howard10@example.org$$, crypt('dancingpaint', gen_salt('bf')), $$USER$$ );
insert into rcglavc."Logins"("id", "email", "password", "type") 
    values 
    (13, $$Freida_Marks16@example.com$$, crypt('dancingpaint', gen_salt('bf')), $$USER$$ );
insert into rcglavc."Logins"("id", "email", "password", "type") 
    values 
    (14, $$Henderson_Durgan2@example.org$$, crypt('dancingpaint', gen_salt('bf')), $$USER$$ );
insert into rcglavc."Logins"("id", "email", "password", "type") 
    values 
    (15, $$Enola22@example.com$$, crypt('dancingpaint', gen_salt('bf')), $$USER$$ );
insert into rcglavc."Logins"("id", "email", "password", "type") 
    values 
    (16, $$Bud_Lemke94@example.net$$, crypt('dancingpaint', gen_salt('bf')), $$USER$$ );
insert into rcglavc."Logins"("id", "email", "password", "type") 
    values 
    (17, $$Caesar35@example.org$$, crypt('dancingpaint', gen_salt('bf')), $$USER$$ );
insert into rcglavc."Logins"("id", "email", "password", "type") 
    values 
    (18, $$Amie.Lindgren@example.org$$, crypt('dancingpaint', gen_salt('bf')), $$USER$$ );
insert into rcglavc."Logins"("id", "email", "password", "type") 
    values 
    (19, $$Jay.Ferry58@example.net$$, crypt('dancingpaint', gen_salt('bf')), $$USER$$ );
insert into rcglavc."Logins"("id", "email", "password", "type") 
    values 
    (20, $$Alexander76@example.com$$, crypt('dancingpaint', gen_salt('bf')), $$USER$$ );
insert into rcglavc."Logins"("id", "email", "password", "type") 
    values 
    (21, $$Marley_Kuhn22@example.net$$, crypt('dancingpaint', gen_salt('bf')), $$USER$$ );
insert into rcglavc."Logins"("id", "email", "password", "type") 
    values 
    (22, $$Henriette.Bogan@example.org$$, crypt('dancingpaint', gen_salt('bf')), $$USER$$ );
insert into rcglavc."Logins"("id", "email", "password", "type") 
    values 
    (23, $$Margaretta.Kiehn93@example.net$$, crypt('dancingpaint', gen_salt('bf')), $$USER$$ );
insert into rcglavc."Logins"("id", "email", "password", "type") 
    values 
    (24, $$Mattie55@example.org$$, crypt('dancingpaint', gen_salt('bf')), $$USER$$ );
insert into rcglavc."Logins"("id", "email", "password", "type") 
    values 
    (25, $$Oceane_Waters@example.net$$, crypt('dancingpaint', gen_salt('bf')), $$USER$$ );
insert into rcglavc."Logins"("id", "email", "password", "type") 
    values 
    (26, $$Brendan_Konopelski58@example.org$$, crypt('dancingpaint', gen_salt('bf')), $$USER$$ );
insert into rcglavc."Logins"("id", "email", "password", "type") 
    values 
    (27, $$Buster.Padberg@example.net$$, crypt('dancingpaint', gen_salt('bf')), $$USER$$ );
insert into rcglavc."Logins"("id", "email", "password", "type") 
    values 
    (28, $$Rosamond.King@example.net$$, crypt('dancingpaint', gen_salt('bf')), $$USER$$ );
insert into rcglavc."Logins"("id", "email", "password", "type") 
    values 
    (29, $$Humberto.Bernhard@example.net$$, crypt('dancingpaint', gen_salt('bf')), $$USER$$ );
insert into rcglavc."Logins"("id", "email", "password", "type") 
    values 
    (30, $$Jazmin75@example.com$$, crypt('dancingpaint', gen_salt('bf')), $$USER$$ );
insert into rcglavc."Logins"("id", "email", "password", "type") 
    values 
    (31, $$Walker11@example.com$$, crypt('dancingpaint', gen_salt('bf')), $$USER$$ );
insert into rcglavc."Logins"("id", "email", "password", "type") 
    values 
    (32, $$Edwardo.Langosh8@example.net$$, crypt('dancingpaint', gen_salt('bf')), $$USER$$ );
insert into rcglavc."Logins"("id", "email", "password", "type") 
    values 
    (33, $$Jared_Larson@example.org$$, crypt('dancingpaint', gen_salt('bf')), $$USER$$ );
insert into rcglavc."Logins"("id", "email", "password", "type") 
    values 
    (34, $$Ethelyn.Roob@example.com$$, crypt('dancingpaint', gen_salt('bf')), $$USER$$ );
insert into rcglavc."Logins"("id", "email", "password", "type") 
    values 
    (35, $$Rocio_Price37@example.net$$, crypt('dancingpaint', gen_salt('bf')), $$USER$$ );
insert into rcglavc."Logins"("id", "email", "password", "type") 
    values 
    (36, $$Isaias.Cronin@example.com$$, crypt('dancingpaint', gen_salt('bf')), $$USER$$ );
insert into rcglavc."Logins"("id", "email", "password", "type") 
    values 
    (37, $$Keely85@example.com$$, crypt('dancingpaint', gen_salt('bf')), $$USER$$ );
insert into rcglavc."Logins"("id", "email", "password", "type") 
    values 
    (38, $$Leda.Bahringer@example.net$$, crypt('dancingpaint', gen_salt('bf')), $$USER$$ );
insert into rcglavc."Logins"("id", "email", "password", "type") 
    values 
    (39, $$Ottilie94@example.net$$, crypt('dancingpaint', gen_salt('bf')), $$USER$$ );
insert into rcglavc."Logins"("id", "email", "password", "type") 
    values 
    (40, $$Leopold.Borer@example.net$$, crypt('dancingpaint', gen_salt('bf')), $$USER$$ );insert into 
    rcglavc."Users"("id", "login_id", "name", "address", "phone", 
        "allergies", "tshirt_size", "meal_pref", "emergency_contact_1", "emergency_contact_2", 
        "bio", "photo_url")
    values
    (0, 0, $$Betro$$, $$7603 Muller Crossing Suite 962$$, 
        $$1-944-502-6114 x91041$$, $$Strawberries and mango$$, $$XL$$, $$VEGAN$$, 
        $$Maximilian Cormier (952) 352-8227 x1804$$, $$Thad Hoppe (909) 376-5200$$, 
        $$Impedit quia rerum autem ex dolor ut. Officia hic blanditiis ex quas reiciendis ut autem officia. Commodi perspiciatis aliquid autem voluptatum libero quo quae vel iste. Eos et provident et.$$, $$/images/fakeProfiles/tigerface.png$$);
insert into 
    rcglavc."Users"("id", "login_id", "name", "address", "phone", 
        "allergies", "tshirt_size", "meal_pref", "emergency_contact_1", "emergency_contact_2", 
        "bio", "photo_url")
    values
    (1, 1, $$Emelia Bode$$, $$61838 Heathcote Via Apt. 648$$, 
        $$1-160-555-4612 x603$$, $$None$$, $$S$$, $$VEGAN$$, 
        $$Mia Rutherford 647.407.9091$$, $$Maurine Roberts (243) 482-6222$$, 
        $$Et aut consequuntur maxime. Dolorum iste distinctio aut nesciunt minus molestiae aspernatur et. Cumque id earum doloribus. Maiores veritatis consequatur exercitationem occaecati. Ipsum optio recusandae sit ut. Modi et iure repellat eius asperiores saepe.$$, $$/images/fakeProfiles/babyb.png$$);
insert into 
    rcglavc."Users"("id", "login_id", "name", "address", "phone", 
        "allergies", "tshirt_size", "meal_pref", "emergency_contact_1", "emergency_contact_2", 
        "bio", "photo_url")
    values
    (2, 2, $$Sasha Ratke$$, $$8686 Hassan Glen Suite 855$$, 
        $$774.065.3527$$, $$$$, $$XS$$, $$OMNIVORE$$, 
        $$Efrain Johnston 822-565-7664$$, $$Sidney McLaughlin 1-990-522-6876$$, 
        $$Inventore iusto esse impedit numquam dolorum sed aut id aut. Sint voluptates et qui qui doloribus magnam qui unde et. Et omnis totam alias et cupiditate. Repellendus est sint neque rerum. Et est similique beatae explicabo consectetur sit.$$, $$/images/fakeProfiles/tigercave.png$$);
insert into 
    rcglavc."Users"("id", "login_id", "name", "address", "phone", 
        "allergies", "tshirt_size", "meal_pref", "emergency_contact_1", "emergency_contact_2", 
        "bio", "photo_url")
    values
    (3, 3, $$Larue Sauer$$, $$98560 Sam Course Suite 737$$, 
        $$(225) 326-1274$$, $$Nope!$$, $$M$$, $$VEGAN$$, 
        $$Katelin Raynor 472-534-4373 x6092$$, $$Hugh Huels 948.363.7131$$, 
        $$Est ipsam ex quibusdam provident dicta exercitationem odio enim. Sunt ut cupiditate ullam et ut cumque dicta explicabo. Explicabo rerum ullam voluptatibus provident veritatis. Voluptatem et iste occaecati quasi laudantium reiciendis. Fugiat et quaerat rem. Ex quaerat qui.$$, $$/images/fakeProfiles/cathead.png$$);
insert into 
    rcglavc."Users"("id", "login_id", "name", "address", "phone", 
        "allergies", "tshirt_size", "meal_pref", "emergency_contact_1", "emergency_contact_2", 
        "bio", "photo_url")
    values
    (4, 4, $$Chester Hammes$$, $$45490 Hammes Square Apt. 138$$, 
        $$650.088.9705 x77596$$, $$Dairy$$, $$L$$, $$OMNIVORE$$, 
        $$Daniella Sawayn 201-119-6884 x12218$$, $$Daryl Graham Sr. (370) 808-1176 x76487$$, 
        $$Deleniti aut quod eveniet. Natus expedita ut. Amet amet autem et assumenda perferendis incidunt autem et. Eum quo id consequatur ducimus et quam sunt ut. Qui quia totam. Enim odio veniam veritatis.$$, $$/images/fakeProfiles/babyb.png$$);
insert into 
    rcglavc."Users"("id", "login_id", "name", "address", "phone", 
        "allergies", "tshirt_size", "meal_pref", "emergency_contact_1", "emergency_contact_2", 
        "bio", "photo_url")
    values
    (5, 5, $$Stefan Botsford$$, $$2962 Upton Throughway Suite 383$$, 
        $$987-127-9864 x077$$, $$Gluten$$, $$XS$$, $$OMNIVORE$$, 
        $$Tia Klein 1-398-631-1882 x4655$$, $$Darien Berge 352.073.1386 x0778$$, 
        $$Debitis nulla delectus inventore distinctio natus aut quia. Illo est est nemo eveniet minima suscipit. Magnam qui numquam repellat molestiae aut.$$, $$/images/fakeProfiles/sidpark.png$$);
insert into 
    rcglavc."Users"("id", "login_id", "name", "address", "phone", 
        "allergies", "tshirt_size", "meal_pref", "emergency_contact_1", "emergency_contact_2", 
        "bio", "photo_url")
    values
    (6, 6, $$Duane Cremin$$, $$4825 Jaeden Stream Apt. 336$$, 
        $$995-672-5986 x00768$$, $$$$, $$S$$, $$VEGAN$$, 
        $$Della Swaniawski 354.315.4411$$, $$Chad Vandervort 573-321-6321 x2624$$, 
        $$Nesciunt labore vel doloribus neque unde quidem. Dolore aut est ducimus est eum sequi. Quibusdam quia quis quam qui est qui consequuntur. Odit iure quibusdam neque natus.$$, $$/images/fakeProfiles/cathead.png$$);
insert into 
    rcglavc."Users"("id", "login_id", "name", "address", "phone", 
        "allergies", "tshirt_size", "meal_pref", "emergency_contact_1", "emergency_contact_2", 
        "bio", "photo_url")
    values
    (7, 7, $$Jude Romaguera$$, $$2422 Reinger Fork Apt. 862$$, 
        $$1-407-281-3887 x7384$$, $$None$$, $$S$$, $$OMNIVORE$$, 
        $$Luella Blanda 1-082-806-6638 x9382$$, $$Hannah Will Jr. 1-723-042-6366 x09923$$, 
        $$Exercitationem quia quia iure odit nisi nisi autem. Accusantium excepturi voluptas voluptate magni vel. Ullam voluptatem voluptatibus. Ex voluptas esse sunt assumenda quia beatae tempore ea. Voluptatibus distinctio eos eligendi atque autem impedit placeat. Sint molestias est quo possimus non.$$, $$/images/fakeProfiles/tigercave.png$$);
insert into 
    rcglavc."Users"("id", "login_id", "name", "address", "phone", 
        "allergies", "tshirt_size", "meal_pref", "emergency_contact_1", "emergency_contact_2", 
        "bio", "photo_url")
    values
    (8, 8, $$Timmothy Okuneva$$, $$76244 Mann Ranch Apt. 804$$, 
        $$(765) 100-5956 x58776$$, $$Nope!$$, $$L$$, $$VEGAN$$, 
        $$Rylee Hyatt IV 1-520-360-7842$$, $$Miss Chesley Roob 509-083-7413 x511$$, 
        $$Nam quia in dignissimos voluptatem. Quibusdam animi aspernatur corporis sunt quaerat commodi non ad aliquid. Laboriosam quia qui rerum.$$, $$/images/fakeProfiles/tigerface.png$$);
insert into 
    rcglavc."Users"("id", "login_id", "name", "address", "phone", 
        "allergies", "tshirt_size", "meal_pref", "emergency_contact_1", "emergency_contact_2", 
        "bio", "photo_url")
    values
    (9, 9, $$Beth Reilly$$, $$67239 Erdman Light Suite 494$$, 
        $$388.832.9650$$, $$None$$, $$XS$$, $$VEGAN$$, 
        $$Nelson Reichert 1-119-740-8644$$, $$Stanley Kutch 596.484.7671$$, 
        $$Vitae enim dolor beatae ipsum est. Dolorum id voluptate consequatur rerum provident similique. Necessitatibus nihil est.$$, $$/images/fakeProfiles/tigerface.png$$);
insert into 
    rcglavc."Users"("id", "login_id", "name", "address", "phone", 
        "allergies", "tshirt_size", "meal_pref", "emergency_contact_1", "emergency_contact_2", 
        "bio", "photo_url")
    values
    (10, 10, $$Stan Kris$$, $$0422 Schneider Fords Suite 976$$, 
        $$(739) 585-1058$$, $$Gluten$$, $$XS$$, $$OMNIVORE$$, 
        $$Courtney Reynolds (144) 565-0322$$, $$Miss Name Upton 639-385-6608 x54917$$, 
        $$Excepturi est saepe voluptatum incidunt et. Sunt aut dignissimos ad quisquam. Quo delectus et quam. Consequatur nemo assumenda consequatur autem eius voluptatibus rerum et. Itaque impedit eaque labore. Et quos consequatur.$$, $$/images/fakeProfiles/pinto.png$$);insert into 
    rcglavc."Users"("id", "login_id", "name", "address", "phone", 
        "allergies", "tshirt_size", "meal_pref", "emergency_contact_1", "emergency_contact_2", 
        "bio", "photo_url")
    values
    (11, 11, $$Colby Casper$$, $$90121 Chadrick Hill Apt. 088$$, 
        $$377-217-4281$$, $$$$, $$L$$, $$OMNIVORE$$, 
        $$Mr. Niko Kemmer 1-947-091-9561 x83072$$, $$Breanne Hilll (525) 762-7290 x112$$, 
        $$Aut in ipsa qui ut explicabo modi. Voluptatem non rerum aliquid explicabo repudiandae. Hic veritatis quibusdam dolorem architecto placeat ad atque veniam rem. Dolores velit quasi assumenda sunt eum ipsam aut repudiandae enim. Earum quos commodi quo corrupti veniam magnam fuga quia ex.$$, $$/images/fakeProfiles/cathead.png$$);
insert into 
    rcglavc."Users"("id", "login_id", "name", "address", "phone", 
        "allergies", "tshirt_size", "meal_pref", "emergency_contact_1", "emergency_contact_2", 
        "bio", "photo_url")
    values
    (12, 12, $$Howard Mueller$$, $$5904 Keon Grove Suite 429$$, 
        $$(527) 494-6486 x589$$, $$None$$, $$XL$$, $$VEGETARIAN$$, 
        $$Alyson Jacobs (926) 270-1829$$, $$Shanel Hoeger (177) 184-6757$$, 
        $$Voluptatem odio ut. Non eos asperiores aliquid consequatur. Et eveniet labore. Voluptatem vel rem quis quam.$$, $$/images/fakeProfiles/tigerface.png$$);
insert into 
    rcglavc."Users"("id", "login_id", "name", "address", "phone", 
        "allergies", "tshirt_size", "meal_pref", "emergency_contact_1", "emergency_contact_2", 
        "bio", "photo_url")
    values
    (13, 13, $$Freida Marks$$, $$328 Jamal Cliff Apt. 621$$, 
        $$1-890-492-5355 x5196$$, $$Strawberries and mango$$, $$M$$, $$VEGAN$$, 
        $$Dudley Bernhard 745.079.5321 x728$$, $$Dr. Margot Kshlerin 202-550-9539$$, 
        $$Omnis ipsa quia provident perferendis qui distinctio rem ut. Aliquam delectus commodi mollitia recusandae quis. Qui omnis delectus aliquid aliquid.$$, $$/images/fakeProfiles/tigerface.png$$);
insert into 
    rcglavc."Users"("id", "login_id", "name", "address", "phone", 
        "allergies", "tshirt_size", "meal_pref", "emergency_contact_1", "emergency_contact_2", 
        "bio", "photo_url")
    values
    (14, 14, $$Henderson Durgan$$, $$22929 Chanel Mount Apt. 361$$, 
        $$(091) 157-6030 x52919$$, $$Strawberries and mango$$, $$XS$$, $$OMNIVORE$$, 
        $$Kailey Rohan 123.774.4528 x6430$$, $$Mr. Frances Barrows 131-909-4586 x73884$$, 
        $$Aliquid in harum. Et dicta voluptatibus eaque aliquid voluptatum hic quidem et et. Ratione autem placeat eaque repellat ab enim doloremque deserunt sapiente. Dolores ad cupiditate. Beatae reprehenderit cumque in tenetur velit adipisci perspiciatis. Nihil consequuntur odit vitae iusto illo sit.$$, $$/images/fakeProfiles/sidbed.png$$);
insert into 
    rcglavc."Users"("id", "login_id", "name", "address", "phone", 
        "allergies", "tshirt_size", "meal_pref", "emergency_contact_1", "emergency_contact_2", 
        "bio", "photo_url")
    values
    (15, 15, $$Enola Price$$, $$05432 Wuckert Dam Suite 339$$, 
        $$258-987-5261 x743$$, $$Dairy$$, $$M$$, $$VEGETARIAN$$, 
        $$Okey Wunsch 1-701-088-2396$$, $$Margot Zboncak (548) 390-7865$$, 
        $$Qui sapiente sed aperiam in eius beatae. Nobis praesentium rerum. Odio aut sit quam praesentium. Ut facilis et quisquam non nostrum perspiciatis.$$, $$/images/fakeProfiles/sidbed.png$$);
insert into 
    rcglavc."Users"("id", "login_id", "name", "address", "phone", 
        "allergies", "tshirt_size", "meal_pref", "emergency_contact_1", "emergency_contact_2", 
        "bio", "photo_url")
    values
    (16, 16, $$Bud Lemke$$, $$07720 Dwight Pike Apt. 055$$, 
        $$237.297.5546$$, $$Nope!$$, $$S$$, $$VEGETARIAN$$, 
        $$Pamela Raynor 358-078-4930 x29052$$, $$Doris Kilback 841-068-3045 x8847$$, 
        $$Distinctio quam est laudantium. Non eaque illum aut atque voluptate. Rem ut consequatur suscipit error repellat.$$, $$/images/fakeProfiles/babyb.png$$);
insert into 
    rcglavc."Users"("id", "login_id", "name", "address", "phone", 
        "allergies", "tshirt_size", "meal_pref", "emergency_contact_1", "emergency_contact_2", 
        "bio", "photo_url")
    values
    (17, 17, $$Caesar Parker$$, $$880 Emmalee Summit Apt. 340$$, 
        $$700-972-9082$$, $$Nope!$$, $$L$$, $$OMNIVORE$$, 
        $$Kiara Cruickshank (174) 855-1838 x31923$$, $$Baron Dicki 779.769.6739 x09508$$, 
        $$Voluptatibus illum nostrum omnis et qui. Porro est hic aut quis qui quaerat quaerat odit enim. Velit excepturi doloremque reprehenderit delectus illo ut qui maxime.$$, $$/images/fakeProfiles/babyb.png$$);
insert into 
    rcglavc."Users"("id", "login_id", "name", "address", "phone", 
        "allergies", "tshirt_size", "meal_pref", "emergency_contact_1", "emergency_contact_2", 
        "bio", "photo_url")
    values
    (18, 18, $$Amie Lindgren$$, $$4448 Rosenbaum Groves Apt. 984$$, 
        $$801-218-7750$$, $$Dairy$$, $$XS$$, $$VEGETARIAN$$, 
        $$Ladarius Parker 1-572-361-6415 x43964$$, $$Ms. Taya Hahn (516) 246-1029$$, 
        $$Dicta at tenetur quas reprehenderit quos aliquam nulla tempore et. Expedita nulla et inventore ullam. Tempore et quo molestiae soluta iusto quod laboriosam atque.$$, $$/images/fakeProfiles/sidpark.png$$);
insert into 
    rcglavc."Users"("id", "login_id", "name", "address", "phone", 
        "allergies", "tshirt_size", "meal_pref", "emergency_contact_1", "emergency_contact_2", 
        "bio", "photo_url")
    values
    (19, 19, $$Jay Ferry$$, $$4282 Humberto Meadows Apt. 338$$, 
        $$(302) 116-5261 x6677$$, $$None$$, $$S$$, $$OMNIVORE$$, 
        $$Brenden Kozey 178-705-6855 x236$$, $$Dorian Emard 1-802-471-5701 x6929$$, 
        $$Qui nesciunt facere ea veritatis cumque rerum eos ex aut. Accusantium sed quisquam asperiores. Et laboriosam dicta ullam ratione omnis. Velit et aliquid quasi. Doloremque unde ut est cupiditate expedita omnis.$$, $$/images/fakeProfiles/sidpark.png$$);
insert into 
    rcglavc."Users"("id", "login_id", "name", "address", "phone", 
        "allergies", "tshirt_size", "meal_pref", "emergency_contact_1", "emergency_contact_2", 
        "bio", "photo_url")
    values
    (20, 20, $$Alexander Eichmann$$, $$474 Shaun Freeway Suite 716$$, 
        $$1-516-529-8561 x54146$$, $$Strawberries and mango$$, $$L$$, $$VEGETARIAN$$, 
        $$Timmy Bode (323) 451-0264 x05889$$, $$Dr. Hadley Jast 396.393.9878 x62617$$, 
        $$Autem accusantium ad corporis doloremque voluptatem ducimus voluptatum repellendus quis. Et et debitis sapiente eveniet omnis. Optio rerum omnis reprehenderit.$$, $$/images/fakeProfiles/tigercave.png$$);
insert into 
    rcglavc."Users"("id", "login_id", "name", "address", "phone", 
        "allergies", "tshirt_size", "meal_pref", "emergency_contact_1", "emergency_contact_2", 
        "bio", "photo_url")
    values
    (21, 21, $$Marley Kuhn$$, $$8753 Schuster Drives Suite 874$$, 
        $$845-053-7821$$, $$Strawberries and mango$$, $$XL$$, $$OMNIVORE$$, 
        $$Dangelo Medhurst 709.134.3470 x745$$, $$Julio Towne 217-559-8036$$, 
        $$Deleniti mollitia rerum et error molestiae sunt accusantium. Sed qui autem eligendi veniam. Ea nesciunt sint rerum odit autem eveniet aut reiciendis id. Earum quia in quia vitae consectetur molestias fugiat et. Incidunt dicta maxime in a quis iste omnis velit vel. Nisi aut eius sed modi et eveniet.$$, $$/images/fakeProfiles/sidbed.png$$);
insert into 
    rcglavc."Users"("id", "login_id", "name", "address", "phone", 
        "allergies", "tshirt_size", "meal_pref", "emergency_contact_1", "emergency_contact_2", 
        "bio", "photo_url")
    values
    (22, 22, $$Henriette Bogan$$, $$43491 Elvis Shores Suite 756$$, 
        $$626-607-3632$$, $$Nope!$$, $$S$$, $$VEGETARIAN$$, 
        $$Mrs. Chanelle Block 1-675-795-6432$$, $$Alek Willms (070) 592-0689$$, 
        $$Sit et omnis quibusdam et doloribus numquam molestias id deleniti. Reprehenderit enim harum quidem ab quis. Libero consequatur dolor consequatur. Dolorem neque quo corrupti provident quae. Magni vel laudantium. Nam sed consequatur qui nemo provident aut.$$, $$/images/fakeProfiles/tigercave.png$$);
insert into 
    rcglavc."Users"("id", "login_id", "name", "address", "phone", 
        "allergies", "tshirt_size", "meal_pref", "emergency_contact_1", "emergency_contact_2", 
        "bio", "photo_url")
    values
    (23, 23, $$Margaretta Kiehn$$, $$7731 King Dale Apt. 644$$, 
        $$481.331.1572 x10603$$, $$None$$, $$XL$$, $$VEGAN$$, 
        $$Holden Ankunding (913) 677-8568$$, $$Esta Hayes 650-819-7888$$, 
        $$Voluptatem ea placeat similique ea architecto consequatur ipsum sit odio. Est temporibus non neque nisi aliquid voluptatem perspiciatis enim. Ducimus at omnis omnis. Et cumque tempore commodi velit voluptas ratione qui. Minus laboriosam iusto. Quis aspernatur itaque necessitatibus tempore ut ut est non.$$, $$/images/fakeProfiles/tigercave.png$$);
insert into 
    rcglavc."Users"("id", "login_id", "name", "address", "phone", 
        "allergies", "tshirt_size", "meal_pref", "emergency_contact_1", "emergency_contact_2", 
        "bio", "photo_url")
    values
    (24, 24, $$Mattie Schiller$$, $$701 Schmeler Route Apt. 449$$, 
        $$218.070.0824$$, $$Strawberries and mango$$, $$L$$, $$VEGAN$$, 
        $$Ernest Hane 1-924-458-0194 x085$$, $$Orrin Upton 428-043-2002 x4635$$, 
        $$Et aut ab magni beatae quae. Quaerat fuga occaecati. Beatae sed enim est ut et similique quos inventore. Deserunt aut assumenda consequuntur vero.$$, $$/images/fakeProfiles/sidbed.png$$);
insert into 
    rcglavc."Users"("id", "login_id", "name", "address", "phone", 
        "allergies", "tshirt_size", "meal_pref", "emergency_contact_1", "emergency_contact_2", 
        "bio", "photo_url")
    values
    (25, 25, $$Oceane Waters$$, $$54257 Macey Extensions Apt. 753$$, 
        $$(788) 679-4114$$, $$None$$, $$XL$$, $$VEGAN$$, 
        $$Garry Lesch (513) 993-8163$$, $$Aric Romaguera 411-802-5898 x91469$$, 
        $$Veritatis aperiam voluptatum rerum et quaerat. Quia at libero cum ex sunt. Facilis illo quia. Ab placeat voluptatum quisquam.$$, $$/images/fakeProfiles/tigercave.png$$);
insert into 
    rcglavc."Users"("id", "login_id", "name", "address", "phone", 
        "allergies", "tshirt_size", "meal_pref", "emergency_contact_1", "emergency_contact_2", 
        "bio", "photo_url")
    values
    (26, 26, $$Brendan Konopelski$$, $$045 Santa Club Apt. 186$$, 
        $$1-082-649-3213 x5957$$, $$None$$, $$S$$, $$VEGAN$$, 
        $$Nichole Hand DVM 087-366-4211 x912$$, $$Marcelina Oberbrunner 1-495-742-7189 x45390$$, 
        $$Aperiam nisi rem dolor animi. Consequuntur est modi commodi exercitationem pariatur. Ratione laboriosam quo ducimus ullam sapiente dolores dolores.$$, $$/images/fakeProfiles/tigercave.png$$);
insert into 
    rcglavc."Users"("id", "login_id", "name", "address", "phone", 
        "allergies", "tshirt_size", "meal_pref", "emergency_contact_1", "emergency_contact_2", 
        "bio", "photo_url")
    values
    (27, 27, $$Buster Padberg$$, $$91774 Daniel Walks Apt. 564$$, 
        $$1-890-571-4725 x2035$$, $$Nope!$$, $$XS$$, $$OMNIVORE$$, 
        $$Mrs. Lemuel Legros 1-027-080-4358 x554$$, $$Everardo Schimmel 936-083-4789 x56550$$, 
        $$Deserunt esse id perferendis a occaecati qui qui sit. Ut repudiandae quia doloremque. Rem alias vel sed qui.$$, $$/images/fakeProfiles/tigerface.png$$);
insert into 
    rcglavc."Users"("id", "login_id", "name", "address", "phone", 
        "allergies", "tshirt_size", "meal_pref", "emergency_contact_1", "emergency_contact_2", 
        "bio", "photo_url")
    values
    (28, 28, $$Rosamond King$$, $$157 Walsh Unions Apt. 649$$, 
        $$1-356-981-8975$$, $$$$, $$M$$, $$VEGAN$$, 
        $$Mckayla Kuhic 260.960.5202 x07896$$, $$Mr. Destiney Cruickshank 1-369-697-7750 x1628$$, 
        $$Enim dolorum occaecati sit molestias est eius pariatur. Omnis deleniti omnis inventore. Mollitia quia accusamus cumque ipsum. Dolor omnis odio cumque cumque non debitis et.$$, $$/images/fakeProfiles/sidbed.png$$);
insert into 
    rcglavc."Users"("id", "login_id", "name", "address", "phone", 
        "allergies", "tshirt_size", "meal_pref", "emergency_contact_1", "emergency_contact_2", 
        "bio", "photo_url")
    values
    (29, 29, $$Humberto Bernhard$$, $$7247 Ike Corners Suite 639$$, 
        $$(741) 101-4315 x81296$$, $$$$, $$XS$$, $$VEGETARIAN$$, 
        $$Ozella O'Kon 1-850-961-7198$$, $$Barney Eichmann 1-615-114-7967 x5852$$, 
        $$Nihil voluptatibus aspernatur illum deleniti ullam aperiam iste. Sit tenetur eos molestiae et quam aut et qui. Veritatis eos et voluptatum ut consequuntur dicta consequatur delectus rerum. Sapiente labore quaerat.$$, $$/images/fakeProfiles/cathead.png$$);
insert into 
    rcglavc."Users"("id", "login_id", "name", "address", "phone", 
        "allergies", "tshirt_size", "meal_pref", "emergency_contact_1", "emergency_contact_2", 
        "bio", "photo_url")
    values
    (30, 30, $$Jazmin Schmidt$$, $$53272 Bechtelar Port Apt. 627$$, 
        $$(786) 904-6100$$, $$Dairy$$, $$M$$, $$VEGAN$$, 
        $$Johnathon Hoppe (733) 925-2755 x458$$, $$Chadrick Zulauf 515-895-1061$$, 
        $$Et aut quaerat culpa numquam dignissimos. Aut voluptatem aspernatur. Aut sint dignissimos ad at. Consequatur cum veniam vitae maiores dolore dicta aut autem veritatis. Impedit reiciendis beatae.$$, $$/images/fakeProfiles/babyb.png$$);
insert into 
    rcglavc."Users"("id", "login_id", "name", "address", "phone", 
        "allergies", "tshirt_size", "meal_pref", "emergency_contact_1", "emergency_contact_2", 
        "bio", "photo_url")
    values
    (31, 31, $$Walker Heller$$, $$628 Sonny Tunnel Apt. 973$$, 
        $$268.638.8036$$, $$Strawberries and mango$$, $$L$$, $$OMNIVORE$$, 
        $$Lyla Windler 893.908.9938$$, $$Keeley Weimann 172-019-4670 x8538$$, 
        $$Nostrum quibusdam earum placeat temporibus vel earum sunt voluptas vel. Vitae asperiores quis odio. Aut possimus aut ab. Totam ipsam velit corrupti quisquam dolores sit culpa aut est.$$, $$/images/fakeProfiles/sidpark.png$$);
insert into 
    rcglavc."Users"("id", "login_id", "name", "address", "phone", 
        "allergies", "tshirt_size", "meal_pref", "emergency_contact_1", "emergency_contact_2", 
        "bio", "photo_url")
    values
    (32, 32, $$Edwardo Langosh$$, $$340 Alexandro Falls Suite 834$$, 
        $$046-039-5340 x8603$$, $$Gluten$$, $$S$$, $$VEGAN$$, 
        $$Enrique Lesch 744-350-6929 x65508$$, $$Jalyn Ward 1-429-512-9123$$, 
        $$Voluptas cumque consequatur architecto sint ab possimus officiis. Deserunt fugiat qui adipisci non ipsa delectus. Et alias aut autem nesciunt ipsam. Animi qui ut ad sit deserunt ipsum voluptate. Enim est omnis.$$, $$/images/fakeProfiles/babyb.png$$);
insert into 
    rcglavc."Users"("id", "login_id", "name", "address", "phone", 
        "allergies", "tshirt_size", "meal_pref", "emergency_contact_1", "emergency_contact_2", 
        "bio", "photo_url")
    values
    (33, 33, $$Jared Larson$$, $$672 Padberg Extension Apt. 127$$, 
        $$(661) 586-9333$$, $$Nope!$$, $$XS$$, $$VEGAN$$, 
        $$Haskell Welch (683) 672-9964$$, $$Mrs. Westley Bednar 1-617-597-3248 x5211$$, 
        $$Est odio quam illum quia ipsam. Sit consequatur vitae laborum atque sed exercitationem veniam est quos. Vel optio officia fugiat. Aliquid voluptatum eos vero a odit magni. Et doloremque quia. Aliquam voluptas natus molestias sapiente rem eos enim.$$, $$/images/fakeProfiles/pinto.png$$);
insert into 
    rcglavc."Users"("id", "login_id", "name", "address", "phone", 
        "allergies", "tshirt_size", "meal_pref", "emergency_contact_1", "emergency_contact_2", 
        "bio", "photo_url")
    values
    (34, 34, $$Ethelyn Roob$$, $$88069 Chauncey Port Suite 994$$, 
        $$777.749.3210$$, $$Nope!$$, $$S$$, $$OMNIVORE$$, 
        $$Mrs. Demarco Jones 879-449-0846$$, $$Maureen Stamm III 025.369.4721 x456$$, 
        $$Odio at voluptate voluptatum nihil minima pariatur. Nam esse et sunt vitae est qui. Est dignissimos architecto rerum quidem.$$, $$/images/fakeProfiles/sidpark.png$$);
insert into 
    rcglavc."Users"("id", "login_id", "name", "address", "phone", 
        "allergies", "tshirt_size", "meal_pref", "emergency_contact_1", "emergency_contact_2", 
        "bio", "photo_url")
    values
    (35, 35, $$Rocio Price$$, $$23151 Alexandre Loaf Suite 648$$, 
        $$696.758.0566 x243$$, $$Dairy$$, $$XL$$, $$OMNIVORE$$, 
        $$Martin Glover I (262) 457-2795$$, $$Raphaelle McDermott 1-222-938-6753 x36366$$, 
        $$Sed sed voluptas possimus doloremque ea et consequatur. Aperiam aliquam quos mollitia deleniti ipsam. Aut porro vel est minus dolorem doloremque doloremque.$$, $$/images/fakeProfiles/pinto.png$$);
insert into 
    rcglavc."Users"("id", "login_id", "name", "address", "phone", 
        "allergies", "tshirt_size", "meal_pref", "emergency_contact_1", "emergency_contact_2", 
        "bio", "photo_url")
    values
    (36, 36, $$Isaias Cronin$$, $$572 Maritza Cliff Apt. 784$$, 
        $$870-461-2527 x92312$$, $$Nope!$$, $$XS$$, $$VEGETARIAN$$, 
        $$Caitlyn Murazik 1-760-283-0267$$, $$Sammy Borer 378-240-9699 x81320$$, 
        $$Aut nisi incidunt ullam nisi aut suscipit nemo. Voluptatem consequatur et ducimus ea quasi dolores aut. Id amet id cupiditate exercitationem et corporis ea similique commodi. Quasi ut voluptate ipsum ex ut atque earum consequatur voluptatibus. Nemo quis sequi ea sunt impedit et. Iste id quisquam.$$, $$/images/fakeProfiles/tigerface.png$$);
insert into 
    rcglavc."Users"("id", "login_id", "name", "address", "phone", 
        "allergies", "tshirt_size", "meal_pref", "emergency_contact_1", "emergency_contact_2", 
        "bio", "photo_url")
    values
    (37, 37, $$Keely Dickens$$, $$26861 Sunny Common Apt. 050$$, 
        $$(042) 369-6565 x90136$$, $$$$, $$XL$$, $$VEGAN$$, 
        $$Dr. Darrion Bradtke 636-667-2165 x81269$$, $$Irving O'Hara 806.210.7086 x7825$$, 
        $$Aut illo earum aut delectus quae. Possimus eius exercitationem dolorum suscipit harum similique quasi expedita. Ex inventore vel non. Ipsa sit autem facilis sunt ut. Omnis ab eum qui officiis quis.$$, $$/images/fakeProfiles/tigercave.png$$);
insert into 
    rcglavc."Users"("id", "login_id", "name", "address", "phone", 
        "allergies", "tshirt_size", "meal_pref", "emergency_contact_1", "emergency_contact_2", 
        "bio", "photo_url")
    values
    (38, 38, $$Leda Bahringer$$, $$46789 Howe Viaduct Apt. 484$$, 
        $$1-841-051-6052 x588$$, $$None$$, $$XS$$, $$VEGETARIAN$$, 
        $$Astrid Gibson PhD 771.876.2301 x025$$, $$Rosemarie Hane 386-878-5150 x7715$$, 
        $$Dolores omnis animi non. Quisquam nostrum sed enim aut. Deleniti sapiente illum.$$, $$/images/fakeProfiles/sidbed.png$$);
insert into 
    rcglavc."Users"("id", "login_id", "name", "address", "phone", 
        "allergies", "tshirt_size", "meal_pref", "emergency_contact_1", "emergency_contact_2", 
        "bio", "photo_url")
    values
    (39, 39, $$Ottilie Stracke$$, $$6231 Wolf Plains Suite 918$$, 
        $$1-859-472-9603$$, $$Gluten$$, $$XL$$, $$VEGAN$$, 
        $$Richmond Paucek 1-684-408-7431 x780$$, $$Brannon Upton 351-452-0061 x9131$$, 
        $$Laudantium rerum aut nesciunt sed dolorem hic expedita in incidunt. Error fuga voluptates occaecati deleniti non. Perferendis quasi tenetur non voluptatem nihil ab veritatis harum delectus. Voluptatibus pariatur repudiandae sit earum veniam.$$, $$/images/fakeProfiles/cathead.png$$);
insert into 
    rcglavc."Users"("id", "login_id", "name", "address", "phone", 
        "allergies", "tshirt_size", "meal_pref", "emergency_contact_1", "emergency_contact_2", 
        "bio", "photo_url")
    values
    (40, 40, $$Leopold Borer$$, $$689 Gusikowski Springs Apt. 211$$, 
        $$999.422.2386 x27218$$, $$$$, $$L$$, $$VEGAN$$, 
        $$Anika Lind 033.260.3709$$, $$Richmond Swaniawski 796.458.0612 x479$$, 
        $$Facere sapiente qui quam rerum dicta eveniet aut hic magni. Sit quo inventore dolore. Eligendi rerum autem at dolore aliquid sunt quidem nihil nihil. Adipisci a animi omnis nihil. Sint fugiat et eveniet officiis suscipit at.$$, $$/images/fakeProfiles/tigercave.png$$);insert into 
    rcglavc."Sessions"("id", "name", "start", "end") values 
    (1, $$2020-summer-week1$$, $$2020-07-05T07:00:00.000Z$$, $$2020-07-12T06:59:00.000Z$$);
insert into 
    rcglavc."Roles"("id", "name") 
    values(0, $$FLAT$$);
insert into 
    rcglavc."Roles"("id", "name") 
    values(1, $$SHARP$$);
insert into 
    rcglavc."Roles"("id", "name") 
    values(2, $$GUITARIST$$);
insert into 
    rcglavc."Roles"("id", "name") 
    values(3, $$BASSIST$$);
insert into 
    rcglavc."Roles"("id", "name") 
    values(4, $$DRUMMER$$);
insert into 
    rcglavc."Roles"("id", "name") 
    values(5, $$VOCALIST$$);
insert into 
    rcglavc."Roles"("id", "name") 
    values(6, $$KEYBOARDIST$$);
insert into 
    rcglavc."Roles"("id", "name") 
    values(7, $$MVP_CAMPER$$);
insert into 
    rcglavc."Roles"("id", "name") 
    values(8, $$GUITAR_INSTRUCTOR$$);
insert into 
    rcglavc."Roles"("id", "name") 
    values(9, $$DRUMS_INSTRUCTOR$$);
insert into 
    rcglavc."Roles"("id", "name") 
    values(10, $$KEYS_INSTRUCTOR$$);
insert into 
    rcglavc."Roles"("id", "name") 
    values(11, $$VOCALS_INSTRUCTOR$$);
insert into 
    rcglavc."Roles"("id", "name") 
    values(12, $$BASS_INSTRUCTOR$$);
insert into 
    rcglavc."Roles"("id", "name") 
    values(13, $$BAND_COACH$$);
insert into 
    rcglavc."Roles"("id", "name") 
    values(14, $$COUNSELOR$$);
insert into 
    rcglavc."Roles"("id", "name") 
    values(15, $$ROADIE$$);
insert into 
    rcglavc."Roles"("id", "name") 
    values(16, $$GENERAL_SUPPORT$$);
insert into 
    rcglavc."Roles"("id", "name") 
    values(17, $$SNACK_PATROL$$);
insert into 
    rcglavc."Roles"("id", "name") 
    values(18, $$CHECK_IN$$);
insert into 
    rcglavc."Roles"("id", "name") 
    values(19, $$CHECK_OUT$$);
insert into 
    rcglavc."Roles"("id", "name") 
    values(20, $$AM_SUPERVISION$$);
insert into 
    rcglavc."Roles"("id", "name") 
    values(21, $$PM_SUPERVISION$$);
insert into 
    rcglavc."Roles"("id", "name") 
    values(22, $$VIT_COORDINATOR$$);
insert into 
    rcglavc."Roles"("id", "name") 
    values(23, $$ASSEMBLY_SOUND$$);
insert into 
    rcglavc."Roles"("id", "name") 
    values(24, $$CREW_COACH$$);
insert into 
    rcglavc."Roles"("id", "name") 
    values(25, $$FRONT_DESK_LEAD$$);
insert into 
    rcglavc."Roles"("id", "name") 
    values(26, $$MAYOR$$);
insert into 
    rcglavc."Roles"("id", "name") 
    values(27, $$CO_DIRECTOR$$);
insert into 
    rcglavc."Roles"("id", "name") 
    values(28, $$ART_DIRECTOR$$);
insert into 
    rcglavc."Roles"("id", "name") 
    values(29, $$MVP_DIRECTOR$$);
insert into 
    rcglavc."Roles"("id", "name") 
    values(30, $$CAMP_VIDEOGRAPHER$$);
insert into 
    rcglavc."Roles"("id", "name") 
    values(31, $$KITCHEN_SUPPORT$$);
insert into 
    rcglavc."Roles"("id", "name") 
    values(32, $$TEAM_FEELINGS$$);
insert into 
    rcglavc."Roles"("id", "name") 
    values(33, $$MEDICAL$$);
insert into 
    rcglavc."Roles"("id", "name") 
    values(34, $$SOCIAL_MEDIA_COORDINATOR$$);
insert into 
    rcglavc."Roles"("id", "name") 
    values(35, $$FOOD_COORDINATOR$$);
insert into 
    rcglavc."Roles"("id", "name") 
    values(36, $$GEAR_COORDINATOR$$);
insert into 
    rcglavc."Roles"("id", "name") 
    values(37, $$GRATITUDE_COORDINATOR$$);
insert into 
    rcglavc."Roles"("id", "name") 
    values(38, $$OUTREACH_COORDINATOR$$);
insert into 
    rcglavc."Roles"("id", "name") 
    values(39, $$SPECIAL_EVENTS_COORDINATOR$$);
insert into 
    rcglavc."Roles"("id", "name") 
    values(40, $$TECHNOLOGY_COORDINATOR$$);
insert into 
    rcglavc."Roles"("id", "name") 
    values(41, $$VOLUNTEER_RESOURCES_COORDINATOR$$);
insert into 
    rcglavc."Roles"("id", "name") 
    values(42, $$WORKSHOPS_COORDINATOR$$);
insert into 
    rcglavc."Roles"("id", "name") 
    values(43, $$YOUTH_LEADERSHIP_COORDINATOR$$);
insert into 
    rcglavc."Roles"("id", "name") 
    values(44, $$CAMP_STAGING_COORDINATOR$$);
insert into 
    rcglavc."Roles"("id", "name") 
    values(45, $$CAMERA_MENTOR$$);
insert into 
    rcglavc."Roles"("id", "name") 
    values(46, $$EDITING_MENTOR$$);
insert into 
    rcglavc."Roles"("id", "name") 
    values(47, $$MVP_SUPPORT$$);
insert into 
    rcglavc."Roles"("id", "name") 
    values(48, $$CAMP_PHOTOGRAPHER$$);
insert into 
    rcglavc."Roles"("id", "name") 
    values(49, $$DAILY_RECAP_VIDEO$$);insert into 
    rcglavc."RoleGroups"("id", "name") 
    values(0, $$CAMPERS$$);
insert into 
    rcglavc."RoleGroups"("id", "name") 
    values(1, $$VOLUNTEERS$$);
insert into 
    rcglavc."RoleGroups"("id", "name") 
    values(2, $$SUPPORT_CREW$$);
insert into 
    rcglavc."RoleGroups"("id", "name") 
    values(3, $$INSTRUCTORS$$);
insert into 
    rcglavc."RoleGroups"("id", "name") 
    values(4, $$MVP_VOLUNTEERS$$);
insert into 
    rcglavc."RoleGroups"("id", "name") 
    values(5, $$KITCHEN_CREW$$);
insert into 
    rcglavc."RoleGroups"("id", "name") 
    values(6, $$YRPC$$);
insert into 
    rcglavc."RoleGroups"("id", "name") 
    values(7, $$DIRECTORS$$);insert into 
    rcglavc."RolesInRoleGroups"("id", "role_id", "role_group_id")
    values (0, 0, 0);
insert into 
    rcglavc."RolesInRoleGroups"("id", "role_id", "role_group_id")
    values (1, 1, 0);
insert into 
    rcglavc."RolesInRoleGroups"("id", "role_id", "role_group_id")
    values (2, 2, 0);
insert into 
    rcglavc."RolesInRoleGroups"("id", "role_id", "role_group_id")
    values (3, 3, 0);
insert into 
    rcglavc."RolesInRoleGroups"("id", "role_id", "role_group_id")
    values (4, 4, 0);
insert into 
    rcglavc."RolesInRoleGroups"("id", "role_id", "role_group_id")
    values (5, 5, 0);
insert into 
    rcglavc."RolesInRoleGroups"("id", "role_id", "role_group_id")
    values (6, 6, 0);
insert into 
    rcglavc."RolesInRoleGroups"("id", "role_id", "role_group_id")
    values (7, 7, 0);
insert into 
    rcglavc."RolesInRoleGroups"("id", "role_id", "role_group_id")
    values (8, 8, 1);
insert into 
    rcglavc."RolesInRoleGroups"("id", "role_id", "role_group_id")
    values (9, 9, 1);
insert into 
    rcglavc."RolesInRoleGroups"("id", "role_id", "role_group_id")
    values (10, 10, 1);
insert into 
    rcglavc."RolesInRoleGroups"("id", "role_id", "role_group_id")
    values (11, 11, 1);
insert into 
    rcglavc."RolesInRoleGroups"("id", "role_id", "role_group_id")
    values (12, 12, 1);
insert into 
    rcglavc."RolesInRoleGroups"("id", "role_id", "role_group_id")
    values (13, 13, 1);
insert into 
    rcglavc."RolesInRoleGroups"("id", "role_id", "role_group_id")
    values (14, 14, 1);
insert into 
    rcglavc."RolesInRoleGroups"("id", "role_id", "role_group_id")
    values (15, 15, 1);
insert into 
    rcglavc."RolesInRoleGroups"("id", "role_id", "role_group_id")
    values (16, 16, 1);
insert into 
    rcglavc."RolesInRoleGroups"("id", "role_id", "role_group_id")
    values (17, 17, 1);
insert into 
    rcglavc."RolesInRoleGroups"("id", "role_id", "role_group_id")
    values (18, 18, 1);
insert into 
    rcglavc."RolesInRoleGroups"("id", "role_id", "role_group_id")
    values (19, 19, 1);
insert into 
    rcglavc."RolesInRoleGroups"("id", "role_id", "role_group_id")
    values (20, 20, 1);
insert into 
    rcglavc."RolesInRoleGroups"("id", "role_id", "role_group_id")
    values (21, 21, 1);
insert into 
    rcglavc."RolesInRoleGroups"("id", "role_id", "role_group_id")
    values (22, 22, 1);
insert into 
    rcglavc."RolesInRoleGroups"("id", "role_id", "role_group_id")
    values (23, 23, 1);
insert into 
    rcglavc."RolesInRoleGroups"("id", "role_id", "role_group_id")
    values (24, 24, 1);
insert into 
    rcglavc."RolesInRoleGroups"("id", "role_id", "role_group_id")
    values (25, 25, 1);
insert into 
    rcglavc."RolesInRoleGroups"("id", "role_id", "role_group_id")
    values (26, 26, 1);
insert into 
    rcglavc."RolesInRoleGroups"("id", "role_id", "role_group_id")
    values (27, 27, 1);
insert into 
    rcglavc."RolesInRoleGroups"("id", "role_id", "role_group_id")
    values (28, 28, 1);
insert into 
    rcglavc."RolesInRoleGroups"("id", "role_id", "role_group_id")
    values (29, 29, 1);
insert into 
    rcglavc."RolesInRoleGroups"("id", "role_id", "role_group_id")
    values (30, 30, 1);
insert into 
    rcglavc."RolesInRoleGroups"("id", "role_id", "role_group_id")
    values (31, 31, 1);
insert into 
    rcglavc."RolesInRoleGroups"("id", "role_id", "role_group_id")
    values (32, 32, 1);
insert into 
    rcglavc."RolesInRoleGroups"("id", "role_id", "role_group_id")
    values (33, 33, 1);
insert into 
    rcglavc."RolesInRoleGroups"("id", "role_id", "role_group_id")
    values (34, 34, 1);
insert into 
    rcglavc."RolesInRoleGroups"("id", "role_id", "role_group_id")
    values (35, 35, 1);
insert into 
    rcglavc."RolesInRoleGroups"("id", "role_id", "role_group_id")
    values (36, 36, 1);
insert into 
    rcglavc."RolesInRoleGroups"("id", "role_id", "role_group_id")
    values (37, 37, 1);
insert into 
    rcglavc."RolesInRoleGroups"("id", "role_id", "role_group_id")
    values (38, 38, 1);
insert into 
    rcglavc."RolesInRoleGroups"("id", "role_id", "role_group_id")
    values (39, 39, 1);
insert into 
    rcglavc."RolesInRoleGroups"("id", "role_id", "role_group_id")
    values (40, 40, 1);
insert into 
    rcglavc."RolesInRoleGroups"("id", "role_id", "role_group_id")
    values (41, 41, 1);
insert into 
    rcglavc."RolesInRoleGroups"("id", "role_id", "role_group_id")
    values (42, 42, 1);
insert into 
    rcglavc."RolesInRoleGroups"("id", "role_id", "role_group_id")
    values (43, 43, 1);
insert into 
    rcglavc."RolesInRoleGroups"("id", "role_id", "role_group_id")
    values (44, 44, 1);
insert into 
    rcglavc."RolesInRoleGroups"("id", "role_id", "role_group_id")
    values (45, 45, 1);
insert into 
    rcglavc."RolesInRoleGroups"("id", "role_id", "role_group_id")
    values (46, 46, 1);
insert into 
    rcglavc."RolesInRoleGroups"("id", "role_id", "role_group_id")
    values (47, 47, 1);
insert into 
    rcglavc."RolesInRoleGroups"("id", "role_id", "role_group_id")
    values (48, 48, 1);
insert into 
    rcglavc."RolesInRoleGroups"("id", "role_id", "role_group_id")
    values (49, 49, 1);
insert into 
    rcglavc."RolesInRoleGroups"("id", "role_id", "role_group_id")
    values (50, 15, 2);
insert into 
    rcglavc."RolesInRoleGroups"("id", "role_id", "role_group_id")
    values (51, 16, 2);
insert into 
    rcglavc."RolesInRoleGroups"("id", "role_id", "role_group_id")
    values (52, 17, 2);
insert into 
    rcglavc."RolesInRoleGroups"("id", "role_id", "role_group_id")
    values (53, 18, 2);
insert into 
    rcglavc."RolesInRoleGroups"("id", "role_id", "role_group_id")
    values (54, 19, 2);
insert into 
    rcglavc."RolesInRoleGroups"("id", "role_id", "role_group_id")
    values (55, 20, 2);
insert into 
    rcglavc."RolesInRoleGroups"("id", "role_id", "role_group_id")
    values (56, 21, 2);
insert into 
    rcglavc."RolesInRoleGroups"("id", "role_id", "role_group_id")
    values (57, 25, 2);
insert into 
    rcglavc."RolesInRoleGroups"("id", "role_id", "role_group_id")
    values (58, 31, 2);
insert into 
    rcglavc."RolesInRoleGroups"("id", "role_id", "role_group_id")
    values (59, 8, 3);
insert into 
    rcglavc."RolesInRoleGroups"("id", "role_id", "role_group_id")
    values (60, 9, 3);
insert into 
    rcglavc."RolesInRoleGroups"("id", "role_id", "role_group_id")
    values (61, 10, 3);
insert into 
    rcglavc."RolesInRoleGroups"("id", "role_id", "role_group_id")
    values (62, 11, 3);
insert into 
    rcglavc."RolesInRoleGroups"("id", "role_id", "role_group_id")
    values (63, 12, 3);
insert into 
    rcglavc."RolesInRoleGroups"("id", "role_id", "role_group_id")
    values (64, 24, 4);
insert into 
    rcglavc."RolesInRoleGroups"("id", "role_id", "role_group_id")
    values (65, 29, 4);
insert into 
    rcglavc."RolesInRoleGroups"("id", "role_id", "role_group_id")
    values (66, 45, 4);
insert into 
    rcglavc."RolesInRoleGroups"("id", "role_id", "role_group_id")
    values (67, 46, 4);
insert into 
    rcglavc."RolesInRoleGroups"("id", "role_id", "role_group_id")
    values (68, 47, 4);
insert into 
    rcglavc."RolesInRoleGroups"("id", "role_id", "role_group_id")
    values (69, 17, 5);
insert into 
    rcglavc."RolesInRoleGroups"("id", "role_id", "role_group_id")
    values (70, 31, 5);
insert into 
    rcglavc."RolesInRoleGroups"("id", "role_id", "role_group_id")
    values (71, 34, 6);
insert into 
    rcglavc."RolesInRoleGroups"("id", "role_id", "role_group_id")
    values (72, 35, 6);
insert into 
    rcglavc."RolesInRoleGroups"("id", "role_id", "role_group_id")
    values (73, 36, 6);
insert into 
    rcglavc."RolesInRoleGroups"("id", "role_id", "role_group_id")
    values (74, 37, 6);
insert into 
    rcglavc."RolesInRoleGroups"("id", "role_id", "role_group_id")
    values (75, 38, 6);
insert into 
    rcglavc."RolesInRoleGroups"("id", "role_id", "role_group_id")
    values (76, 39, 6);
insert into 
    rcglavc."RolesInRoleGroups"("id", "role_id", "role_group_id")
    values (77, 40, 6);
insert into 
    rcglavc."RolesInRoleGroups"("id", "role_id", "role_group_id")
    values (78, 41, 6);
insert into 
    rcglavc."RolesInRoleGroups"("id", "role_id", "role_group_id")
    values (79, 42, 6);
insert into 
    rcglavc."RolesInRoleGroups"("id", "role_id", "role_group_id")
    values (80, 43, 6);
insert into 
    rcglavc."RolesInRoleGroups"("id", "role_id", "role_group_id")
    values (81, 44, 6);
insert into 
    rcglavc."RolesInRoleGroups"("id", "role_id", "role_group_id")
    values (82, 26, 7);
insert into 
    rcglavc."RolesInRoleGroups"("id", "role_id", "role_group_id")
    values (83, 27, 7);
insert into 
    rcglavc."RolesInRoleGroups"("id", "role_id", "role_group_id")
    values (84, 28, 7);
insert into 
    rcglavc."RolesInRoleGroups"("id", "role_id", "role_group_id")
    values (85, 29, 7);insert into 
    rcglavc."Participation"("id", "user_id", "session_id", "role_id", "start", "end")
    values (0, 1, 1, 46, 
        $$2020-07-10T23:49:55.999Z$$, $$2020-07-11T03:30:34.121Z$$);
insert into 
    rcglavc."Participation"("id", "user_id", "session_id", "role_id", "start", "end")
    values (1, 2, 1, 31, 
        $$2020-07-10T18:16:24.566Z$$, $$2020-07-11T23:03:02.071Z$$);
insert into 
    rcglavc."Participation"("id", "user_id", "session_id", "role_id", "start", "end")
    values (2, 2, 1, 15, 
        $$2020-07-08T07:02:02.030Z$$, $$2020-07-11T17:15:54.317Z$$);
insert into 
    rcglavc."Participation"("id", "user_id", "session_id", "role_id", "start", "end")
    values (3, 3, 1, 14, 
        $$2020-07-07T12:08:47.497Z$$, $$2020-07-11T08:07:28.528Z$$);
insert into 
    rcglavc."Participation"("id", "user_id", "session_id", "role_id", "start", "end")
    values (4, 3, 1, 20, 
        $$2020-07-07T18:34:47.567Z$$, $$2020-07-11T11:15:37.251Z$$);
insert into 
    rcglavc."Participation"("id", "user_id", "session_id", "role_id", "start", "end")
    values (5, 4, 1, 31, 
        $$2020-07-10T18:40:18.983Z$$, $$2020-07-11T22:19:29.192Z$$);
insert into 
    rcglavc."Participation"("id", "user_id", "session_id", "role_id", "start", "end")
    values (6, 4, 1, 15, 
        $$2020-07-07T11:29:24.494Z$$, $$2020-07-11T23:34:37.691Z$$);
insert into 
    rcglavc."Participation"("id", "user_id", "session_id", "role_id", "start", "end")
    values (7, 5, 1, 31, 
        $$2020-07-09T01:58:41.235Z$$, $$2020-07-09T19:03:57.422Z$$);
insert into 
    rcglavc."Participation"("id", "user_id", "session_id", "role_id", "start", "end")
    values (8, 5, 1, 15, 
        $$2020-07-10T14:01:37.144Z$$, $$2020-07-11T07:17:11.401Z$$);
insert into 
    rcglavc."Participation"("id", "user_id", "session_id", "role_id", "start", "end")
    values (9, 6, 1, 16, 
        $$2020-07-08T05:25:25.629Z$$, $$2020-07-11T22:43:15.203Z$$);
insert into 
    rcglavc."Participation"("id", "user_id", "session_id", "role_id", "start", "end")
    values (10, 6, 1, 13, 
        $$2020-07-08T22:15:44.172Z$$, $$2020-07-11T16:47:23.247Z$$);
insert into 
    rcglavc."Participation"("id", "user_id", "session_id", "role_id", "start", "end")
    values (11, 7, 1, 24, 
        $$2020-07-08T18:14:07.209Z$$, $$2020-07-09T18:36:40.970Z$$);
insert into 
    rcglavc."Participation"("id", "user_id", "session_id", "role_id", "start", "end")
    values (12, 8, 1, 8, 
        $$2020-07-06T08:51:39.106Z$$, $$2020-07-09T09:52:24.123Z$$);
insert into 
    rcglavc."Participation"("id", "user_id", "session_id", "role_id", "start", "end")
    values (13, 8, 1, 13, 
        $$2020-07-10T00:25:16.665Z$$, $$2020-07-10T12:53:29.238Z$$);
insert into 
    rcglavc."Participation"("id", "user_id", "session_id", "role_id", "start", "end")
    values (14, 8, 1, 35, 
        $$2020-07-05T18:47:33.469Z$$, $$2020-07-08T11:57:03.378Z$$);
insert into 
    rcglavc."Participation"("id", "user_id", "session_id", "role_id", "start", "end")
    values (15, 9, 1, 8, 
        $$2020-07-10T03:11:24.086Z$$, $$2020-07-11T08:59:59.333Z$$);
insert into 
    rcglavc."Participation"("id", "user_id", "session_id", "role_id", "start", "end")
    values (16, 9, 1, 13, 
        $$2020-07-09T08:31:53.500Z$$, $$2020-07-11T00:44:49.035Z$$);
insert into 
    rcglavc."Participation"("id", "user_id", "session_id", "role_id", "start", "end")
    values (17, 9, 1, 35, 
        $$2020-07-10T16:12:28.424Z$$, $$2020-07-11T21:48:24.132Z$$);
insert into 
    rcglavc."Participation"("id", "user_id", "session_id", "role_id", "start", "end")
    values (18, 10, 1, 14, 
        $$2020-07-08T19:05:38.756Z$$, $$2020-07-11T19:43:38.719Z$$);
insert into 
    rcglavc."Participation"("id", "user_id", "session_id", "role_id", "start", "end")
    values (19, 10, 1, 20, 
        $$2020-07-10T01:10:55.307Z$$, $$2020-07-10T08:44:44.224Z$$);
insert into 
    rcglavc."Participation"("id", "user_id", "session_id", "role_id", "start", "end")
    values (20, 11, 1, 1, 
        $$2020-07-06T15:00:00.000Z$$, $$2020-07-12T00:00:00.000Z$$);
insert into 
    rcglavc."Participation"("id", "user_id", "session_id", "role_id", "start", "end")
    values (21, 11, 1, 2, 
        $$2020-07-06T15:00:00.000Z$$, $$2020-07-12T00:00:00.000Z$$);
insert into 
    rcglavc."Participation"("id", "user_id", "session_id", "role_id", "start", "end")
    values (22, 12, 1, 0, 
        $$2020-07-06T15:00:00.000Z$$, $$2020-07-12T00:00:00.000Z$$);
insert into 
    rcglavc."Participation"("id", "user_id", "session_id", "role_id", "start", "end")
    values (23, 12, 1, 4, 
        $$2020-07-06T15:00:00.000Z$$, $$2020-07-12T00:00:00.000Z$$);
insert into 
    rcglavc."Participation"("id", "user_id", "session_id", "role_id", "start", "end")
    values (24, 13, 1, 0, 
        $$2020-07-06T15:00:00.000Z$$, $$2020-07-12T00:00:00.000Z$$);
insert into 
    rcglavc."Participation"("id", "user_id", "session_id", "role_id", "start", "end")
    values (25, 13, 1, 3, 
        $$2020-07-06T15:00:00.000Z$$, $$2020-07-12T00:00:00.000Z$$);
insert into 
    rcglavc."Participation"("id", "user_id", "session_id", "role_id", "start", "end")
    values (26, 14, 1, 1, 
        $$2020-07-06T15:00:00.000Z$$, $$2020-07-12T00:00:00.000Z$$);
insert into 
    rcglavc."Participation"("id", "user_id", "session_id", "role_id", "start", "end")
    values (27, 14, 1, 2, 
        $$2020-07-06T15:00:00.000Z$$, $$2020-07-12T00:00:00.000Z$$);
insert into 
    rcglavc."Participation"("id", "user_id", "session_id", "role_id", "start", "end")
    values (28, 15, 1, 1, 
        $$2020-07-06T15:00:00.000Z$$, $$2020-07-12T00:00:00.000Z$$);
insert into 
    rcglavc."Participation"("id", "user_id", "session_id", "role_id", "start", "end")
    values (29, 15, 1, 5, 
        $$2020-07-06T15:00:00.000Z$$, $$2020-07-12T00:00:00.000Z$$);
insert into 
    rcglavc."Participation"("id", "user_id", "session_id", "role_id", "start", "end")
    values (30, 16, 1, 1, 
        $$2020-07-06T15:00:00.000Z$$, $$2020-07-12T00:00:00.000Z$$);
insert into 
    rcglavc."Participation"("id", "user_id", "session_id", "role_id", "start", "end")
    values (31, 16, 1, 5, 
        $$2020-07-06T15:00:00.000Z$$, $$2020-07-12T00:00:00.000Z$$);
insert into 
    rcglavc."Participation"("id", "user_id", "session_id", "role_id", "start", "end")
    values (32, 17, 1, 0, 
        $$2020-07-06T15:00:00.000Z$$, $$2020-07-12T00:00:00.000Z$$);
insert into 
    rcglavc."Participation"("id", "user_id", "session_id", "role_id", "start", "end")
    values (33, 17, 1, 4, 
        $$2020-07-06T15:00:00.000Z$$, $$2020-07-12T00:00:00.000Z$$);
insert into 
    rcglavc."Participation"("id", "user_id", "session_id", "role_id", "start", "end")
    values (34, 18, 1, 0, 
        $$2020-07-06T15:00:00.000Z$$, $$2020-07-12T00:00:00.000Z$$);
insert into 
    rcglavc."Participation"("id", "user_id", "session_id", "role_id", "start", "end")
    values (35, 18, 1, 4, 
        $$2020-07-06T15:00:00.000Z$$, $$2020-07-12T00:00:00.000Z$$);
insert into 
    rcglavc."Participation"("id", "user_id", "session_id", "role_id", "start", "end")
    values (36, 19, 1, 7, 
        $$2020-07-06T15:00:00.000Z$$, $$2020-07-12T00:00:00.000Z$$);
insert into 
    rcglavc."Participation"("id", "user_id", "session_id", "role_id", "start", "end")
    values (37, 20, 1, 0, 
        $$2020-07-06T15:00:00.000Z$$, $$2020-07-12T00:00:00.000Z$$);
insert into 
    rcglavc."Participation"("id", "user_id", "session_id", "role_id", "start", "end")
    values (38, 20, 1, 3, 
        $$2020-07-06T15:00:00.000Z$$, $$2020-07-12T00:00:00.000Z$$);
insert into 
    rcglavc."Participation"("id", "user_id", "session_id", "role_id", "start", "end")
    values (39, 21, 1, 1, 
        $$2020-07-06T15:00:00.000Z$$, $$2020-07-12T00:00:00.000Z$$);
insert into 
    rcglavc."Participation"("id", "user_id", "session_id", "role_id", "start", "end")
    values (40, 21, 1, 5, 
        $$2020-07-06T15:00:00.000Z$$, $$2020-07-12T00:00:00.000Z$$);
insert into 
    rcglavc."Participation"("id", "user_id", "session_id", "role_id", "start", "end")
    values (41, 22, 1, 7, 
        $$2020-07-06T15:00:00.000Z$$, $$2020-07-12T00:00:00.000Z$$);
insert into 
    rcglavc."Participation"("id", "user_id", "session_id", "role_id", "start", "end")
    values (42, 23, 1, 1, 
        $$2020-07-06T15:00:00.000Z$$, $$2020-07-12T00:00:00.000Z$$);
insert into 
    rcglavc."Participation"("id", "user_id", "session_id", "role_id", "start", "end")
    values (43, 23, 1, 5, 
        $$2020-07-06T15:00:00.000Z$$, $$2020-07-12T00:00:00.000Z$$);
insert into 
    rcglavc."Participation"("id", "user_id", "session_id", "role_id", "start", "end")
    values (44, 24, 1, 1, 
        $$2020-07-06T15:00:00.000Z$$, $$2020-07-12T00:00:00.000Z$$);
insert into 
    rcglavc."Participation"("id", "user_id", "session_id", "role_id", "start", "end")
    values (45, 24, 1, 2, 
        $$2020-07-06T15:00:00.000Z$$, $$2020-07-12T00:00:00.000Z$$);
insert into 
    rcglavc."Participation"("id", "user_id", "session_id", "role_id", "start", "end")
    values (46, 25, 1, 7, 
        $$2020-07-06T15:00:00.000Z$$, $$2020-07-12T00:00:00.000Z$$);
insert into 
    rcglavc."Participation"("id", "user_id", "session_id", "role_id", "start", "end")
    values (47, 26, 1, 0, 
        $$2020-07-06T15:00:00.000Z$$, $$2020-07-12T00:00:00.000Z$$);
insert into 
    rcglavc."Participation"("id", "user_id", "session_id", "role_id", "start", "end")
    values (48, 26, 1, 3, 
        $$2020-07-06T15:00:00.000Z$$, $$2020-07-12T00:00:00.000Z$$);
insert into 
    rcglavc."Participation"("id", "user_id", "session_id", "role_id", "start", "end")
    values (49, 27, 1, 0, 
        $$2020-07-06T15:00:00.000Z$$, $$2020-07-12T00:00:00.000Z$$);
insert into 
    rcglavc."Participation"("id", "user_id", "session_id", "role_id", "start", "end")
    values (50, 27, 1, 3, 
        $$2020-07-06T15:00:00.000Z$$, $$2020-07-12T00:00:00.000Z$$);
insert into 
    rcglavc."Participation"("id", "user_id", "session_id", "role_id", "start", "end")
    values (51, 28, 1, 1, 
        $$2020-07-06T15:00:00.000Z$$, $$2020-07-12T00:00:00.000Z$$);
insert into 
    rcglavc."Participation"("id", "user_id", "session_id", "role_id", "start", "end")
    values (52, 28, 1, 5, 
        $$2020-07-06T15:00:00.000Z$$, $$2020-07-12T00:00:00.000Z$$);
insert into 
    rcglavc."Participation"("id", "user_id", "session_id", "role_id", "start", "end")
    values (53, 29, 1, 1, 
        $$2020-07-06T15:00:00.000Z$$, $$2020-07-12T00:00:00.000Z$$);
insert into 
    rcglavc."Participation"("id", "user_id", "session_id", "role_id", "start", "end")
    values (54, 29, 1, 2, 
        $$2020-07-06T15:00:00.000Z$$, $$2020-07-12T00:00:00.000Z$$);
insert into 
    rcglavc."Participation"("id", "user_id", "session_id", "role_id", "start", "end")
    values (55, 30, 1, 0, 
        $$2020-07-06T15:00:00.000Z$$, $$2020-07-12T00:00:00.000Z$$);
insert into 
    rcglavc."Participation"("id", "user_id", "session_id", "role_id", "start", "end")
    values (56, 30, 1, 4, 
        $$2020-07-06T15:00:00.000Z$$, $$2020-07-12T00:00:00.000Z$$);
insert into 
    rcglavc."Participation"("id", "user_id", "session_id", "role_id", "start", "end")
    values (57, 31, 1, 0, 
        $$2020-07-06T15:00:00.000Z$$, $$2020-07-12T00:00:00.000Z$$);
insert into 
    rcglavc."Participation"("id", "user_id", "session_id", "role_id", "start", "end")
    values (58, 31, 1, 4, 
        $$2020-07-06T15:00:00.000Z$$, $$2020-07-12T00:00:00.000Z$$);
insert into 
    rcglavc."Participation"("id", "user_id", "session_id", "role_id", "start", "end")
    values (59, 32, 1, 7, 
        $$2020-07-06T15:00:00.000Z$$, $$2020-07-12T00:00:00.000Z$$);
insert into 
    rcglavc."Participation"("id", "user_id", "session_id", "role_id", "start", "end")
    values (60, 33, 1, 7, 
        $$2020-07-06T15:00:00.000Z$$, $$2020-07-12T00:00:00.000Z$$);
insert into 
    rcglavc."Participation"("id", "user_id", "session_id", "role_id", "start", "end")
    values (61, 34, 1, 7, 
        $$2020-07-06T15:00:00.000Z$$, $$2020-07-12T00:00:00.000Z$$);
insert into 
    rcglavc."Participation"("id", "user_id", "session_id", "role_id", "start", "end")
    values (62, 35, 1, 0, 
        $$2020-07-06T15:00:00.000Z$$, $$2020-07-12T00:00:00.000Z$$);
insert into 
    rcglavc."Participation"("id", "user_id", "session_id", "role_id", "start", "end")
    values (63, 35, 1, 3, 
        $$2020-07-06T15:00:00.000Z$$, $$2020-07-12T00:00:00.000Z$$);
insert into 
    rcglavc."Participation"("id", "user_id", "session_id", "role_id", "start", "end")
    values (64, 36, 1, 0, 
        $$2020-07-06T15:00:00.000Z$$, $$2020-07-12T00:00:00.000Z$$);
insert into 
    rcglavc."Participation"("id", "user_id", "session_id", "role_id", "start", "end")
    values (65, 36, 1, 4, 
        $$2020-07-06T15:00:00.000Z$$, $$2020-07-12T00:00:00.000Z$$);
insert into 
    rcglavc."Participation"("id", "user_id", "session_id", "role_id", "start", "end")
    values (66, 37, 1, 1, 
        $$2020-07-06T15:00:00.000Z$$, $$2020-07-12T00:00:00.000Z$$);
insert into 
    rcglavc."Participation"("id", "user_id", "session_id", "role_id", "start", "end")
    values (67, 37, 1, 2, 
        $$2020-07-06T15:00:00.000Z$$, $$2020-07-12T00:00:00.000Z$$);
insert into 
    rcglavc."Participation"("id", "user_id", "session_id", "role_id", "start", "end")
    values (68, 38, 1, 1, 
        $$2020-07-06T15:00:00.000Z$$, $$2020-07-12T00:00:00.000Z$$);
insert into 
    rcglavc."Participation"("id", "user_id", "session_id", "role_id", "start", "end")
    values (69, 38, 1, 5, 
        $$2020-07-06T15:00:00.000Z$$, $$2020-07-12T00:00:00.000Z$$);
insert into 
    rcglavc."Participation"("id", "user_id", "session_id", "role_id", "start", "end")
    values (70, 39, 1, 0, 
        $$2020-07-06T15:00:00.000Z$$, $$2020-07-12T00:00:00.000Z$$);
insert into 
    rcglavc."Participation"("id", "user_id", "session_id", "role_id", "start", "end")
    values (71, 39, 1, 3, 
        $$2020-07-06T15:00:00.000Z$$, $$2020-07-12T00:00:00.000Z$$);
insert into 
    rcglavc."Participation"("id", "user_id", "session_id", "role_id", "start", "end")
    values (72, 40, 1, 1, 
        $$2020-07-06T15:00:00.000Z$$, $$2020-07-12T00:00:00.000Z$$);
insert into 
    rcglavc."Participation"("id", "user_id", "session_id", "role_id", "start", "end")
    values (73, 40, 1, 5, 
        $$2020-07-06T15:00:00.000Z$$, $$2020-07-12T00:00:00.000Z$$);
insert into 
    rcglavc."Participation"("id", "user_id", "session_id", "role_id", "start", "end")
    values (74, 0, 1, 26, 
        $$2020-01-01T07:00:00.000Z$$, $$2021-01-01T06:59:00.000Z$$);